DescricaoMA;DescricaoMI;Preco;Estoque Dispon≠vel;Codigo;Categoria;Estoque Min.;NCM
ABSORVENTE PÖS PARTO - PACOTE COM 20 UNIDADES;Absorvente PΩs Parto - Pacote Com 20 Unidades;R$13.60;0;1;Hospitalares;20;48184090   ABSORVENTES E OUTROS ARTIGOS HIGIENICOS,DE PAPEL
A?UCAR CRISTALIZADO - EMBALAGEM COM 01 KG;A?ucar Cristalizado - Embalagem Com 01 Kg;R$3.27;78;2;Outros;50;17022000   ACUCAR E XAROPE,DE BORDO (ACER)
AGUA MINERAL DE 200 ml - MARCA : DIAS D' AVILA;Agua Mineral De 200 Ml - Marca : Dias D' Avila;R$0.56;0;464;Outros;0;22011000   AGUA MINERAL/GASEIFN/ADICIONACUCAR,N/AROMATIZADA,E
AGUA SANITARIA 1.000 ml - MARCA : LISA;Agua Sanitaria 1.000 Ml - Marca : Lisa;R$1.69;912;238;Materiais de Limpeza;10;33019030   AGUA DESTILADA AROMATE SOLAQUOSA DE OLEOS ESSENCIA
ALCOOL 70% EM  AEROSSOL - 400 ML;Alcool 70% Em  Aerossol - 400 Ml;R$12.48;94;351;Hospitalares;0;84716052   TECLADOS P/MAQUINAS AUTOMATPROCDADOS
ALCOOL ABSOLUTO 1.000 ml - MARCA : FLAMAGEL ;Alcool Absoluto 1.000 Ml - Marca : Flamagel ;R$13.05;10;161;Hospitalares;30;30059090   OUTSPASTAS,GAZES,SEMELHP/USO MEDICINAL,CIRURGICO,E
ALCOOL GEL 70% DE 05 LITROS - MARCA : BRASCOM;Alcool Gel 70% De 05 Litros - Marca : Brascom;R$50.75;0;58;Hospitalares;50;22071000   ALCOOL ETILICO N/DESNATURADO C/VOLTEOR ALCOOLICO>=
ALCOOL GEL 70% DE 05 LITROS - MARCA : FLAMAGEL;Alcool Gel 70% De 05 Litros - Marca : Flamagel;R$43.00;21;369;Hospitalares;200;48184010   FRALDAS DE PAPEL
ALCOOL GEL 70% DE 500 g - MARCA : FLAMAGEL DERMASOFT;Alcool Gel 70% De 500 G - Marca : Flamagel Dermasoft;R$8.46;6;466;Hospitalares;30;30059090   OUTSPASTAS,GAZES,SEMELHP/USO MEDICINAL,CIRURGICO,E
ALCOOL GEL 70% DE 500 ml - MARCA : SAFRA;Alcool Gel 70% De 500 Ml - Marca : Safra;R$7.01;661;59;Hospitalares;50;22071000   ALCOOL ETILICO N/DESNATURADO C/VOLTEOR ALCOOLICO>=
ALCOOL GEL 70% DE 800 ml - MARCA : BRASCOM;Alcool Gel 70% De 800 Ml - Marca : Brascom;R$12.32;38;72;Hospitalares;20;22071000   ALCOOL ETILICO N/DESNATURADO C/VOLTEOR ALCOOLICO>=
ALCOOL LIQUIDO 46ı - MARCA : SAFRA;Alcool Liquido 46ı - Marca : Safra;R$5.43;2;7;Materiais de Limpeza;50;30059090   OUTSPASTAS,GAZES,SEMELHP/USO MEDICINAL,CIRURGICO,E
ALCOOL LIQUIDO 70% - MARCA : FLAMAGEL;Alcool Liquido 70% - Marca : Flamagel;R$6.50;90;57;Hospitalares;10;22071000   ALCOOL ETILICO N/DESNATURADO C/VOLTEOR ALCOOLICO>=
ALCOOL LIQUIDO 70% DE 05 LITROS - MARCA : FLAMAGEL;Alcool Liquido 70% De 05 Litros - Marca : Flamagel;R$30.00;26;469;Hospitalares;50;30059090   OUTSPASTAS,GAZES,SEMELHP/USO MEDICINAL,CIRURGICO,E
ALCOOL LôQUIDO 92,8 GL - MARCA : AUDAX E NOBRE;Alcool L≠quido 92,8 Gl - Marca : Audax E Nobre;R$6.37;925;320;Materiais de Limpeza;20;22071000   ALCOOL ETILICO N/DESNATURADO C/VOLTEOR ALCOOLICO>=
ALGICIDA DE CHOQUE DE 01 LITRO;Algicida De Choque De 01 Litro;R$11.20;52;349;Materiais de Limpeza;0;48201000   LIVROS DE REGISTRO,DE CONTABILIDADE,BLOCOS DE NOTA
ALGODÄO HIDROFILO 100 g - MARCA : NATHALYA;Algodío Hidrofilo 100 G - Marca : Nathalya;R$3.27;27;210;Hospitalares;150;30059090   OUTSPASTAS,GAZES,SEMELHP/USO MEDICINAL,CIRURGICO,E
ALGODÄO HIDROFILO 500 g - MARCA : NATHALYA;Algodío Hidrofilo 500 G - Marca : Nathalya;R$11.93;2;354;Hospitalares;150;30059090   OUTSPASTAS,GAZES,SEMELHP/USO MEDICINAL,CIRURGICO,E
AMACIANTE DE 05 LITROS - MARCA : KC;Amaciante De 05 Litros - Marca : Kc;R$11.60;3;61;Materiais de Limpeza;10;63079010   OUTROS ARTEFATOS CONFECCIONADOS,DE FALSO TECIDO
APARELHO DE BARBEAR - MARCA : BIC-UNIDADE;Aparelho De Barbear - Marca : Bic-Unidade;R$1.02;1305;491;Descartˇveis;20;82121020   APARELHOS DE BARBEAR,NAO ELETRICOS
AROAMTIZANTE DE 5 LITROS - TECNOLLAR;Aroamtizante De 5 Litros - Tecnollar;R$14.79;13;126;Materiais de Limpeza;1000;39269040   ARTIGOS DE LABORATORIO OU DE FARMACIA,DE PLASTICOS
AROMATIZANTE DE 05 LITROS - MARCA : KC;Aromatizante De 05 Litros - Marca : Kc;R$11.60;0;182;Hospitalares;50;30051090   OUTSPENSOS ADESIVOS,ARTIGOS ANALOGOS C/CAMADA ADES
AROMATIZANTE DE AMBIENTES NATU CLEAN - 500 ML;Aromatizante De Ambientes Natu Clean - 500 Ml;R$35.67;0;82;Outros;500;48171000   ENVELOPES DE PAPEL OU CARTAO
AROMATIZANTE DE AR 360 ml - MARCA : AUDAX;Aromatizante De Ar 360 Ml - Marca : Audax;R$7.42;593;86;Materiais de Limpeza;20;33029090   OUTRAS MISTURAS UTILIZCOMO MATERIA BASICA P/INDUST
AROMATIZANTE DE AR 360 ml - MARCA : BOM AR;Aromatizante De Ar 360 Ml - Marca : Bom Ar;R$8.46;22;140;Materiais de Limpeza;0;33029090   OUTRAS MISTURAS UTILIZCOMO MATERIA BASICA P/INDUST
AVENTAL MANGA LONGA GRAMATURA 60 - UNIDADE;Avental Manga Longa Gramatura 60 - Unidade;R$15.95;171;40;Hospitalares;0;39262000   VESTUARIO E SEUS ACESSORIOS,DE PLASTICOS,INCLLUVAS
AVENTAL MANGA LONGA MARCA : JARC - EMBALAGEM COM 10 UNIDADES;Avental Manga Longa Marca : Jarc - Embalagem Com 10 Unidades;R$28.50;0;272;Hospitalares;50;39262000   VESTUARIO E SEUS ACESSORIOS,DE PLASTICOS,INCLLUVAS
BALDE 12 LITROS PARA MOP - MARCA: CLEAN BRAZIL;Balde 12 Litros Para Mop - Marca: Clean Brazil;R$30.00;4;232;Materiais de Limpeza;2;39249000   OUTROS ARTIGOS DE HIGIENE OU DE TOUCADOR,DE PLASTI
BALDE 14 LITROS PARA MOP - MARCA: BETANIN;Balde 14 Litros Para Mop - Marca: Betanin;R$39.15;12;231;Materiais de Limpeza;2;39249000   OUTROS ARTIGOS DE HIGIENE OU DE TOUCADOR,DE PLASTI
BALDE DE 08 LITROS COM AL?A - MARCA : ARQPLAST;Balde De 08 Litros Com Al?a - Marca : Arqplast;R$5.36;42;193;Recipientes/Plasticos;30;39249000   OUTROS ARTIGOS DE HIGIENE OU DE TOUCADOR,DE PLASTI
BALDE DE 12 LITROS - PEDREIRO;Balde De 12 Litros - Pedreiro;R$8.48;4;205;Recipientes/Plasticos;10;39249000   OUTROS ARTIGOS DE HIGIENE OU DE TOUCADOR,DE PLASTI
BALDE DE 15 LITROS COM AL?A - MARCA : ARQPLAST;Balde De 15 Litros Com Al?a - Marca : Arqplast;R$9.64;55;195;Recipientes/Plasticos;30;39249000   OUTROS ARTIGOS DE HIGIENE OU DE TOUCADOR,DE PLASTI
BALDE DE 20 LITROS COM AL?A - MARCA : ARQPLAST;Balde De 20 Litros Com Al?a - Marca : Arqplast;R$14.81;29;196;Recipientes/Plasticos;30;39249000   OUTROS ARTIGOS DE HIGIENE OU DE TOUCADOR,DE PLASTI
BALDE DE 60 LITROS COM TAMPA - MARCA : ARQPLAST;Balde De 60 Litros Com Tampa - Marca : Arqplast;R$28.05;1;154;Materiais de Limpeza;0;39249000   OUTROS ARTIGOS DE HIGIENE OU DE TOUCADOR,DE PLASTI
BALDE DE 90 LITROS COM TAMPA - MARCA : ARQPLAST;Balde De 90 Litros Com Tampa - Marca : Arqplast;R$65.03;0;201;Recipientes/Plasticos;0;39249000   OUTROS ARTIGOS DE HIGIENE OU DE TOUCADOR,DE PLASTI
BALDE DE CLORO DE 10 Kg 65% DE CLORO ATIVO - MARCA : QCLOR;Balde De Cloro De 10 Kg 65% De Cloro Ativo - Marca : Qclor;R$185.89;4;472;Materiais de Limpeza;0;29336919   OUTSCOMPOSTHETEROCCICLO TRIAZINA,C/CLORO LIGCOVALE
BALDE DE CLORO VERMELHO - MARCA : QCLOR;Balde De Cloro Vermelho - Marca : Qclor;R$209.23;0;194;Materiais de Limpeza;30;39249000   OUTROS ARTIGOS DE HIGIENE OU DE TOUCADOR,DE PLASTI
BARRILHA DE 02 Kg - MARCA : CLOR;Barrilha De 02 Kg - Marca : Clor;R$13.74;21;473;Materiais de Limpeza;0;28362010   CARBONATO DISSODICO ANIDRO
BASE PARA DESINFENTANTE DE 200 ml;Base Para Desinfentante De 200 Ml;R$3.62;0;233;Materiais de Limpeza;10;38084010   DESINFETANTES PARA USO DOMISSANITARIO DIRETO
BLOCO SANITARIO DE 30 G - MARCA : Q-ODOR;Bloco Sanitario De 30 G - Marca : Q-Odor;R$4.13;34;522;Materiais de Limpeza;100;34021190   OUTROS AGENTES ORGANICOS DE SUPERFICIE,ANIONICOS
BORRIFADOR DE 500 ml - MARCA : INTECH;Borrifador De 500 Ml - Marca : Intech;R$7.50;100;55;Recipientes/Plasticos;20;65069900   CHAPEUS E OUTROS ARTEFSDE OUTROS MATERIAS,EXCDE MA
CABO DE ALUMINIO;Cabo De Aluminio;R$15.05;0;48;Materiais de Limpeza;0;39262000   VESTUARIO E SEUS ACESSORIOS,DE PLASTICOS,INCLLUVAS
CABO PLASTIFICADO;Cabo Plastificado;R$1.74;129;226;Materiais de Limpeza;50;96031000   VASSOURAS E ESCOVAS,DE MATERIAS VEGETAIS EM FEIXES
CADEIRA PLASTICA SEM BRA?O - MARCA : PLASTMASTER;Cadeira Plastica Sem Bra?o - Marca : Plastmaster;R$26.10;5;112;Recipientes/Plasticos;50;94037000   MOVEIS DE PLASTICOS
CAFê ˙ VACUO 250 g - MARCA : MARATÊ;Caf? ˙ Vacuo 250 G - Marca : Maratˇ;R$5.19;211;73;Outros;100;09012100   CAFE TORRADO,NAO DESCAFEINADO
CAFETEIRA - MARCA : AMVOX;Cafeteira - Marca : Amvox;R$46.06;3;322;Outros;0;85167100   APARELHOS P/PREPARACAO DE CAFE OU DE CHA,ELETROTER
CAIXA DE PERFURO CORTANTE DE 07 LITROS - DESCARBOX;Caixa De Perfuro Cortante De 07 Litros - Descarbox;R$3.92;40;206;Hospitalares;0;83059000   MOLAS P/PAPEIS,OUTSOBJSDE ESCRITORIO,DE METAIS COM
CAIXA DE PERFURO CORTANTE DE 13 LITROS - MARCA : DESCARBOX;Caixa De Perfuro Cortante De 13 Litros - Marca : Descarbox;R$5.11;230;38;Descartˇveis;30;39249000   OUTROS ARTIGOS DE HIGIENE OU DE TOUCADOR,DE PLASTI
CAIXA PLASTICA DE 10 L - MARCA : PLASVALE;Caixa Plastica De 10 L - Marca : Plasvale;R$31.82;23;422;Recipientes/Plasticos;20;39249000   OUTROS ARTIGOS DE HIGIENE OU DE TOUCADOR,DE PLASTI
CAIXA PLASTICA DE 8,2 L - MARCA : PLASVALE;Caixa Plastica De 8,2 L - Marca : Plasvale;R$23.21;3;204;Recipientes/Plasticos;20;39249000   OUTROS ARTIGOS DE HIGIENE OU DE TOUCADOR,DE PLASTI
CAMPO OPERATORIO 45 x 50 cm - PACOTE C/ 50 UND. - MARCA : KASMED;Campo Operatorio 45 X 50 Cm - Pacote C/ 50 Und. - Marca : Kasmed;R$72.45;180;505;Hospitalares;0;30059090   OUTSPASTAS,GAZES,SEMELHP/USO MEDICINAL,CIRURGICO,E
CARTUCHO COLORIDO 662 - MARCA : HP;Cartucho Colorido 662 - Marca : Hp;R$46.40;27;518;Outros;0;84733027   CARTUCHOS DE TINTA,P/IMPRESSORAS
CARTUCHO PRETO 662 - MARCA : HP;Cartucho Preto 662 - Marca : Hp;R$43.20;18;517;Outros;0;84733027   CARTUCHOS DE TINTA,P/IMPRESSORAS
CERA LôQUIDA DE 05 LITROS  ARDOSIA INCOLOR - MARCA : INGLEZA;Cera L≠quida De 05 Litros  Ardosia Incolor - Marca : Ingleza;R$47.05;0;149;Materiais de Limpeza;2;34052000   ENCAUSTICAS/PREPARSP/CONSERVSDE MOVEIS,ETCDE MADEI
CERA LIQUIDA DE 05 LITROS  ARDOSIA VERDE - MARCA : INGLEZA;Cera Liquida De 05 Litros  Ardosia Verde - Marca : Ingleza;R$63.23;7;148;Materiais de Limpeza;2;34052000   ENCAUSTICAS/PREPARSP/CONSERVSDE MOVEIS,ETCDE MADEI
CERA LôQUIDA DE 05 LITROS - MARCA : BRY;Cera L≠quida De 05 Litros - Marca : Bry;R$49.41;0;151;Materiais de Limpeza;2;34052000   ENCAUSTICAS/PREPARSP/CONSERVSDE MOVEIS,ETCDE MADEI
CERA LôQUIDA DE 05 LITROS AUTO BRILHO - MARCA : BRASCOM;Cera L≠quida De 05 Litros Auto Brilho - Marca : Brascom;R$50.75;5;96;Materiais de Limpeza;5;34052000   ENCAUSTICAS/PREPARSP/CONSERVSDE MOVEIS,ETCDE MADEI
CERA LôQUIDA DE 750 ml - MARCA : INGLEZA ;Cera L≠quida De 750 Ml - Marca : Ingleza ;R$5.08;101;8;Hospitalares;10;34052000   ENCAUSTICAS/PREPARSP/CONSERVSDE MOVEIS,ETCDE MADEI
CERA LIQUIDA INGLEZA PRETA - 5 LITROS;Cera Liquida Ingleza Preta - 5 Litros;R$69.54;4;246;Materiais de Limpeza;500;48171000   ENVELOPES DE PAPEL OU CARTAO
CESTO DE 08 LITROS COM TAMPA - MARCA : ARQPLAST;Cesto De 08 Litros Com Tampa - Marca : Arqplast;R$4.46;0;199;Recipientes/Plasticos;30;39249000   OUTROS ARTIGOS DE HIGIENE OU DE TOUCADOR,DE PLASTI
CESTO DE 10 LITROS COM TAMPA PRETO - MARCA : TRILHA ;Cesto De 10 Litros Com Tampa Preto - Marca : Trilha ;R$18.44;19;207;Recipientes/Plasticos;2;39249000   OUTROS ARTIGOS DE HIGIENE OU DE TOUCADOR,DE PLASTI
CESTO DE 21 LITROS COM TAMPA ;Cesto De 21 Litros Com Tampa ;R$15.51;1;198;Recipientes/Plasticos;30;39249000   OUTROS ARTIGOS DE HIGIENE OU DE TOUCADOR,DE PLASTI
CLARIFICANTE DE 01 LITRO - MARCA : CLOR;Clarificante De 01 Litro - Marca : Clor;R$12.36;24;475;Materiais de Limpeza;0;28274921   HIDROXICLORETOS DE ALUMINIO
COLHER DESCARTAVEL - MARCA : APS - PACOTE COM 50 UNIDADES;Colher Descartavel - Marca : Aps - Pacote Com 50 Unidades;R$2.37;2380;229;Descartˇveis;20;82159100   COLHER,GARFO,CONCHA,ETCDE METCOMUNS,PRATEAD/DOUR/P
COLHER DESCARTAVEL PARA SOBREMESA - MARCA : APS;Colher Descartavel Para Sobremesa - Marca : Aps;R$1.76;185;361;Descartˇveis;0;82159100   COLHER,GARFO,CONCHA,ETCDE METCOMUNS,PRATEAD/DOUR/P
COMPRESSA DE GAZE 13 FIOS - MARCA : MB TEXTIL;Compressa De Gaze 13 Fios - Marca : Mb Textil;R$12.34;0;274;Hospitalares;50;30059090   OUTSPASTAS,GAZES,SEMELHP/USO MEDICINAL,CIRURGICO,E
COMPRESSA DE GAZE 13 FIOS - MARCA : MEDICAL TEXTIL- PCT C/300;Compressa De Gaze 13 Fios - Marca : Medical Textil- Pct C/300;R$12.41;24;41;Hospitalares;200;30059090   OUTSPASTAS,GAZES,SEMELHP/USO MEDICINAL,CIRURGICO,E
COPO DESCARTAVEL DE 100 ml - MARCA : TOTALPLAST - PACOTE COM 100 UNIDADES;Copo Descartavel De 100 Ml - Marca : Totalplast - Pacote Com 100 Unidades;R$2.38;671;271;Descartˇveis;10;39241000   SERVICOS DE MESA/OUTSARTIGOS MESA/COZINHA,DE PLAST
COPO DESCARTAVEL DE 200 ml BRANCO - MARCA : COPOSCCHIO - PACOTE COM 100 UNIDADES;Copo Descartavel De 200 Ml Branco - Marca : Coposcchio - Pacote Com 100 Unidades;R$4.50;4559;12;Descartˇveis;30;39241000   SERVICOS DE MESA/OUTSARTIGOS MESA/COZINHA,DE PLAST
COPO DESCARTAVEL DE 200 ml TRANSPARENTE - MARCA : COPOSCCHIO - PACOTE COM 100 UNIDADES;Copo Descartavel De 200 Ml Transparente - Marca : Coposcchio - Pacote Com 100 Unidades;R$3.53;17;370;Descartˇveis;500;39241000   SERVICOS DE MESA/OUTSARTIGOS MESA/COZINHA,DE PLAST
COPO DESCARTAVEL DE 200 ml TRANSPARENTE PP - MARCA : COPOBEL - PACOTE COM 100 UNIDADES;Copo Descartavel De 200 Ml Transparente Pp - Marca : Copobel - Pacote Com 100 Unidades;R$3.72;14655;325;Descartˇveis;50;39241000   SERVICOS DE MESA/OUTSARTIGOS MESA/COZINHA,DE PLAST
COPO DESCARTAVEL DE 250 ml BRANCO - MARCA : COPOSCCHIO - PACOTE COM 100 UNIDADES;Copo Descartavel De 250 Ml Branco - Marca : Coposcchio - Pacote Com 100 Unidades;R$5.23;82;157;Descartˇveis;500;39241000   SERVICOS DE MESA/OUTSARTIGOS MESA/COZINHA,DE PLAST
COPO DESCARTAVEL DE 250 ml TRANSPARENTE PP - MARCA : COPOZAN - PACOTE COM 100 UNIDADES;Copo Descartavel De 250 Ml Transparente Pp - Marca : Copozan - Pacote Com 100 Unidades;R$7.36;160;138;Descartˇveis;100;39241000   SERVICOS DE MESA/OUTSARTIGOS MESA/COZINHA,DE PLAST
COPO DESCARTAVEL DE 300 ml BRANCO PP - MARCA : COPOSCHIO - PACOTE COM 100 UNIDADES;Copo Descartavel De 300 Ml Branco Pp - Marca : Coposchio - Pacote Com 100 Unidades;R$7.64;0;132;Descartˇveis;100;39241000   SERVICOS DE MESA/OUTSARTIGOS MESA/COZINHA,DE PLAST
COPO DESCARTAVEL DE 300 ml TRANSPARENTE PP - MARCA : COPOZAN - PACOTE COM 100 UNIDADES;Copo Descartavel De 300 Ml Transparente Pp - Marca : Copozan - Pacote Com 100 Unidades;R$5.89;3040;230;Descartˇveis;2;39241000   SERVICOS DE MESA/OUTSARTIGOS MESA/COZINHA,DE PLAST
COPO DESCARTAVEL DE 50 ml - MARCA : COPOSCHIO - PACOTE COM 100 UNIDADES;Copo Descartavel De 50 Ml - Marca : Coposchio - Pacote Com 100 Unidades;R$1.59;117;139;Descartˇveis;100;39241000   SERVICOS DE MESA/OUTSARTIGOS MESA/COZINHA,DE PLAST
COPO DESCARTAVEL DE 80 ml BRANCO - MARCA : COPOSCCHIO - PACOTE COM 90 UNIDADES;Copo Descartavel De 80 Ml Branco - Marca : Coposcchio - Pacote Com 90 Unidades;R$2.40;153;137;Descartˇveis;0;39241000   SERVICOS DE MESA/OUTSARTIGOS MESA/COZINHA,DE PLAST
COTONETE - MARCA : PALINETES;Cotonete - Marca : Palinetes;R$1.16;806;295;Descartˇveis;0;84181000   REFRIGERADORES COMBINC/CONGELADORES,PORTA EXTSEPAR
CREME DENTAL DE 70 g - MARCA : SORRISO;Creme Dental De 70 G - Marca : Sorriso;R$1.58;6;346;Outros;0;42021210   MALAS,MALETAS E PASTAS,DE PLASTICO
DESENGORDURANTE COM 5 LITROS - AUDAX;Desengordurante Com 5 Litros - Audax;R$71.20;1;134;Hospitalares;0;39241000   SERVICOS DE MESA/OUTSARTIGOS MESA/COZINHA,DE PLAST
DESENTUPIDOR DE PIA;Desentupidor De Pia;R$2.29;6;542;Materiais de Limpeza;0;39229000   OUTSARTIGOS P/USOS SANITARIOS/HIGIENICOS,DE PLASTI
DESENTUPIDOR DE VASO SANITARIO;Desentupidor De Vaso Sanitario;R$2.78;11;543;Materiais de Limpeza;0;39229000   OUTSARTIGOS P/USOS SANITARIOS/HIGIENICOS,DE PLASTI
DESINFETANTE  DE 05 LITROS 1/200 LITROS - MARCA : AUDAX;Desinfetante  De 05 Litros 1/200 Litros - Marca : Audax;R$36.39;20;102;Materiais de Limpeza;10;38084010   DESINFETANTES PARA USO DOMISSANITARIO DIRETO
DESINFETANTE A BASE DE QUATERNARIO DE AMONIA;Desinfetante A Base De Quaternario De Amonia;R$63.07;0;615;Outros;0;
DESINFETANTE DE 05 LITROS 1/10 LITROS - MARCA : BRASCOM;Desinfetante De 05 Litros 1/10 Litros - Marca : Brascom;R$50.75;4;101;Materiais de Limpeza;10;34022000   PREPARACOES TENSOATIVAS,PARA LAVAGEM E LIMPEZA
DESINFETANTE DE 05 LITROS LAVANDA - MARCA : KC;Desinfetante De 05 Litros Lavanda - Marca : Kc;R$8.70;172;103;Materiais de Limpeza;5;38084010   DESINFETANTES PARA USO DOMISSANITARIO DIRETO
DESINFETANTE DE 750 ml - MARCA : UFE;Desinfetante De 750 Ml - Marca : Ufe;R$13.18;72;358;Materiais de Limpeza;5;38084010   DESINFETANTES PARA USO DOMISSANITARIO DIRETO
DESINFETANTE DE 90 ml - MARCA : ATOL;Desinfetante De 90 Ml - Marca : Atol;R$3.39;16;420;Materiais de Limpeza;0;38084010   DESINFETANTES PARA USO DOMISSANITARIO DIRETO
DESINFETANTE DE USO GERAL - BRASCOM ;Desinfetante De Uso Geral - Brascom ;R$31.20;4;239;Materiais de Limpeza;0;84145190   OUTROS VENTILADORES C/MOTOR ELETRICO,DE POTENCIA<=
DESINFETANTE LIQ. A BRASCIL PLUS DE 05 LITROS;Desinfetante Liq. A Brascil Plus De 05 Litros;R$288.55;0;461;Materiais de Limpeza;0;90183119   OUTRAS SERINGAS DE PLASTICO,MESMO C/AGULHAS
DESINFETANTE LIQUIDO DE 02 LITROS - MARCA : ORIENTAL;Desinfetante Liquido De 02 Litros - Marca : Oriental;R$6.38;28;471;Materiais de Limpeza;0;38084010   DESINFETANTES PARA USO DOMISSANITARIO DIRETO
DESINFETANTE LIQUIDO DE 500 ml - MARCA : ORIENTAL;Desinfetante Liquido De 500 Ml - Marca : Oriental;R$1.42;0;186;Materiais de Limpeza;50;30059090   OUTSPASTAS,GAZES,SEMELHP/USO MEDICINAL,CIRURGICO,E
DESINFETANTE LIQUIDO DE 500 ml LAVANDA - MARCA : LISA;Desinfetante Liquido De 500 Ml Lavanda - Marca : Lisa;R$1.42;1215;17;Materiais de Limpeza;30;38084010   DESINFETANTES PARA USO DOMISSANITARIO DIRETO
DESINFETANTE OXY DE 05 LITROS;Desinfetante Oxy De 05 Litros;R$330.00;0;98;Materiais de Limpeza;1000;90183119   OUTRAS SERINGAS DE PLASTICO,MESMO C/AGULHAS
DESINGRAXANTE EMBALAGEM COM 05 LITROS;Desingraxante Embalagem Com 05 Litros;R$17.40;4;455;Outros;0;34029039   OUTRAS PREPARACOES PARA LAVAGEM (DETERGENTES)
DESODORANTE SPRAY 90 ml - MARCA: ALMA DE FLORES;Desodorante Spray 90 Ml - Marca: Alma De Flores;R$2.78;8;245;Materiais de Limpeza;0;33072090   OUTROS DESODORANTES CORPORAIS E ANTIPERSPIRANTES
DESODORIZADOR AMBIENTE DE 90 ml - MARCA : ATOL;Desodorizador Ambiente De 90 Ml - Marca : Atol;R$2.68;14;80;Materiais de Limpeza;5;33072010   DESODORANTES CORPORAIS E ANTIPERSPIRANTES,LIQUIDOS
DETERGENTE CLORADO 5 LITROS - TECNOLLAR;Detergente Clorado 5 Litros - Tecnollar;R$20.66;0;255;Hospitalares;1000;90183929   OUTRAS SONDAS,CATETERES E CANULAS
DETERGENTE CLORADO DE  05 LITROS - MARCA : KC;Detergente Clorado De  05 Litros - Marca : Kc;R$29.00;18;350;Materiais de Limpeza;10;34022000   PREPARACOES TENSOATIVAS,PARA LAVAGEM E LIMPEZA
DETERGENTE DE 05 LITROS - MARCA : KC;Detergente De 05 Litros - Marca : Kc;R$11.60;0;170;Materiais de Limpeza;10;34022000   PREPARACOES TENSOATIVAS,PARA LAVAGEM E LIMPEZA
DETERGENTE DE 500 ml - MARCA : ESPUMIL;Detergente De 500 Ml - Marca : Espumil;R$1.16;592;293;Materiais de Limpeza;200;34022000   PREPARACOES TENSOATIVAS,PARA LAVAGEM E LIMPEZA
DETERGENTE DE 500 ml - MARCA : LISA;Detergente De 500 Ml - Marca : Lisa;R$1.30;597;76;Materiais de Limpeza;20;34022000   PREPARACOES TENSOATIVAS,PARA LAVAGEM E LIMPEZA
DETERGENTE DE 500 ml - MARCA : YPE;Detergente De 500 Ml - Marca : Ype;R$2.45;37;20;Materiais de Limpeza;200;34022000   PREPARACOES TENSOATIVAS,PARA LAVAGEM E LIMPEZA
DETERGENTE EM GEL 5 LITROS - TECNOLLAR;Detergente Em Gel 5 Litros - Tecnollar;R$12.03;0;39;Descartˇveis;0;39249000   OUTROS ARTIGOS DE HIGIENE OU DE TOUCADOR,DE PLASTI
DETERGENTE GEL DE 05 LITROS - MARCA : KC;Detergente Gel De 05 Litros - Marca : Kc;R$14.50;27;105;Materiais de Limpeza;5;34012090   OUTROS SABOES
DETERGENTE LIQUIDO DE 05 LITROS - MARCA : BRASCOM;Detergente Liquido De 05 Litros - Marca : Brascom;R$22.47;13;423;Materiais de Limpeza;0;34012090   OUTROS SABOES
DETERGENTE NEUTRO 5 LITROS - TECNOLLAR;Detergente Neutro 5 Litros - Tecnollar;R$10.73;50;403;Hospitalares;0;30059090   OUTSPASTAS,GAZES,SEMELHP/USO MEDICINAL,CIRURGICO,E
DETERGENTE PASTOSO DE 05 LITROS - MARCA : KC;Detergente Pastoso De 05 Litros - Marca : Kc;R$16.80;10;478;Materiais de Limpeza;100;34012090   OUTROS SABOES
DETERGENTE PASTOSO PARA ROUPAS 5 LITROS- TECNOLLAR;Detergente Pastoso Para Roupas 5 Litros- Tecnollar;R$15.80;0;95;Outros;5;96082000   CANETAS E MARCADORES,C/PONTA DE FELTRO/PONTAS PORO
DISCO PARA LIMPEZA PRETO 410 mm - MARCA : 3M;Disco Para Limpeza Preto 410 Mm - Marca : 3M;R$27.30;20;188;Materiais de Limpeza;0;22071000   ALCOOL ETILICO N/DESNATURADO C/VOLTEOR ALCOOLICO>=
DISCO PARA LIMPEZA VERDE410 MM - MARCA : 3M;Disco Para Limpeza Verde410 Mm - Marca : 3M;R$28.27;15;243;Materiais de Limpeza;0;73231000   PALHAS,ESPONJAS,ETCDE FERRO/ACO,P/LIMPEZA/POLIMENT
DISPENSER PARA COPO DE AGUA E CAFê - MARCA : TRILHA ;Dispenser Para Copo De Agua E Caf? - Marca : Trilha ;R$45.41;0;124;Recipientes/Plasticos;1;39229000   OUTSARTIGOS P/USOS SANITARIOS/HIGIENICOS,DE PLASTI
DVD USB E MP3 - MARCA : MONDIAL;Dvd Usb E Mp3 - Marca : Mondial;R$151.71;4;512;Outros;0;85219090   OUTROS APARELHOS VIDEOFONICOS DE GRAVACAO/REPRODUC
ELEVADOR DE ALCALINIDADE - MARCA : QCLOR;Elevador De Alcalinidade - Marca : Qclor;R$9.04;20;262;Materiais de Limpeza;10;28153000   PEROXIDOS DE SODIO OU DE POTASSIO
ENVELOPE GRAU CIRURGICO 15 x 100 M;Envelope Grau Cirurgico 15 X 100 M;R$64.09;0;371;Hospitalares;0;48171000   ENVELOPES DE PAPEL OU CARTAO
EQUIPO BOMBA 0422;Equipo Bomba 0422;R$31.17;0;616;Outros;0;
ESCOVA DE A?O;Escova De A?o;R$11.68;6;516;Recipientes/Plasticos;0;82159100   COLHER,GARFO,CONCHA,ETCDE METCOMUNS,PRATEAD/DOUR/P
ESCOVA DE UNHA - MARCA : BELLANO;Escova De Unha - Marca : Bellano;R$1.63;188;314;Materiais de Limpeza;0;96032900   ESCOVAS E PINCEIS DE BARBA,ESCOVAS P/CABELOS,CILIO
ESCOVA HOSPITALAR COM PVPI ;Escova Hospitalar Com Pvpi ;R$1.81;0;68;Hospitalares;10;96032100   ESCOVAS DE DENTES,INCLAS ESCOVAS P/DENTADURAS
ESCOVA PLASTICA ;Escova Plastica ;R$2.17;197;235;Materiais de Limpeza;5;96032900   ESCOVAS E PINCEIS DE BARBA,ESCOVAS P/CABELOS,CILIO
ESPANADOR NUMERO 25 - MARCA : DUSTER;Espanador Numero 25 - Marca : Duster;R$12.97;0;64;Hospitalares;50;48219000   OUTRAS ETIQUETAS DE PAPEL OU CARTAO
ESPANADOR NUMERO 40 - MARCA : DUSTER;Espanador Numero 40 - Marca : Duster;R$24.17;6;330;Materiais de Limpeza;5;90183929   OUTRAS SONDAS,CATETERES E CANULAS
ESPARADRAPO 10cm x 4,5m - MARCA : ADPELE;Esparadrapo 10Cm X 4,5M - Marca : Adpele;R$7.26;0;67;Hospitalares;50;30051090   OUTSPENSOS ADESIVOS,ARTIGOS ANALOGOS C/CAMADA ADES
ESPONJA DUPLA FACE - MARCA : BRILHUS;Esponja Dupla Face - Marca : Brilhus;R$0.55;1560;356;Materiais de Limpeza;500;68053090   OUTROS ABRASIVOS NAT/ARTIFEM PO/GRAOS APLICOUTMATE
ESPONJA DUPLA FACE - MARCA : ESFREBOM;Esponja Dupla Face - Marca : Esfrebom;R$1.23;240;100;Materiais de Limpeza;100;90183119   OUTRAS SERINGAS DE PLASTICO,MESMO C/AGULHAS
ESPONJA LÄ DE A?O - MARCA : ASSOLAN - PACOTE COM 08 UNIDADES;Esponja Lí De A?o - Marca : Assolan - Pacote Com 08 Unidades;R$1.00;378;227;Materiais de Limpeza;20;73231000   PALHAS,ESPONJAS,ETCDE FERRO/ACO,P/LIMPEZA/POLIMENT
ESPONJA PRATEADA - MARCA : SCOTH BRITE;Esponja Prateada - Marca : Scoth Brite;R$4.10;3;355;Materiais de Limpeza;0;68053090   OUTROS ABRASIVOS NAT/ARTIFEM PO/GRAOS APLICOUTMATE
ESTOPA PARA POLIMENTO - MARCA : FLANELA & CIA;Estopa Para Polimento - Marca : Flanela & Cia;R$2.24;0;190;Descartˇveis;10;39241000   SERVICOS DE MESA/OUTSARTIGOS MESA/COZINHA,DE PLAST
FACA DESCARTAVEL - MARCA : RATIMBUM - PACOTE COM 50 UNIDADES;Faca Descartavel - Marca : Ratimbum - Pacote Com 50 Unidades;R$2.29;781;225;Outros;100;39241000   SERVICOS DE MESA/OUTSARTIGOS MESA/COZINHA,DE PLAST
FIBRA LIMPEZA PESADA TAMANHO 102 x 260 mm - MARCA : BETTANIN;Fibra Limpeza Pesada Tamanho 102 X 260 Mm - Marca : Bettanin;R$1.95;442;463;Materiais de Limpeza;0;85061030   BATERIAS DE PILHAS,ELETRICAS,DE BIOXIDO DE MANGANE
FIBRA?O TAMANHO 87 x 125 cm - MARCA : BETTANIN;Fibra?o Tamanho 87 X 125 Cm - Marca : Bettanin;R$2.10;100;181;Materiais de Limpeza;50;30051090   OUTSPENSOS ADESIVOS,ARTIGOS ANALOGOS C/CAMADA ADES
FILME PVC EM ROLO;Filme Pvc Em Rolo;R$101.51;4;296;Materiais de Limpeza;0;33029090   OUTRAS MISTURAS UTILIZCOMO MATERIA BASICA P/INDUST
FILTRO DE PAPEL N102 - MARCA : MELITTA;Filtro De Papel N102 - Marca : Melitta;R$3.50;12;4;Outros;100;09012100   CAFE TORRADO,NAO DESCAFEINADO
FILTRO DE PAPEL N103 - MARCA : MELITTA;Filtro De Papel N103 - Marca : Melitta;R$3.87;20;208;Recipientes/Plasticos;5;39241000   SERVICOS DE MESA/OUTSARTIGOS MESA/COZINHA,DE PLAST
FIO DE SUTURA CATEGUTE CROMADO 0 - MARCA : TECHNOFIO - CAIXA COM 24 UNIDADES;Fio De Sutura Categute Cromado 0 - Marca : Technofio - Caixa Com 24 Unidades;R$103.34;7;276;Hospitalares;10;30061020   MATERIAIS PARA SUTURAS CIRURGICAS,DE ACO INOXIDAVE
FIO DE SUTURA CATEGUTE CROMADO 1 - 0 - MARCA : TECHNOFIO - CAIXA COM 24 UNIDADES ;Fio De Sutura Categute Cromado 1 - 0 - Marca : Technofio - Caixa Com 24 Unidades ;R$97.26;0;286;Hospitalares;10;30061020   MATERIAIS PARA SUTURAS CIRURGICAS,DE ACO INOXIDAVE
FIO DE SUTURA CATEGUTE CROMADO 2 - 0 - MARCA : TECHNOFIO - CAIXA COM 24 UNIDADES;Fio De Sutura Categute Cromado 2 - 0 - Marca : Technofio - Caixa Com 24 Unidades;R$93.91;0;275;Hospitalares;10;30061020   MATERIAIS PARA SUTURAS CIRURGICAS,DE ACO INOXIDAVE
FIO DE SUTURA CATEGUTE CROMADO 3 - 0 - MARCA : TECHNOFIO - CAIXA COM 24 UNIDADES;Fio De Sutura Categute Cromado 3 - 0 - Marca : Technofio - Caixa Com 24 Unidades;R$82.07;0;287;Hospitalares;10;30061020   MATERIAIS PARA SUTURAS CIRURGICAS,DE ACO INOXIDAVE
FIO DE SUTURA CATEGUTE CROMADO 4 - 0 - MARCA : TECHNOFIO - CAIXA COM 24 UNIDADES;Fio De Sutura Categute Cromado 4 - 0 - Marca : Technofio - Caixa Com 24 Unidades;R$82.07;0;283;Hospitalares;10;30061020   MATERIAIS PARA SUTURAS CIRURGICAS,DE ACO INOXIDAVE
FIO DE SUTURA CATEGUTE SIMPLES 1 - 0 - MARCA : TECHNOFIO - CAIXA COM 24 UNIDADES;Fio De Sutura Categute Simples 1 - 0 - Marca : Technofio - Caixa Com 24 Unidades;R$95.29;0;284;Hospitalares;10;30061020   MATERIAIS PARA SUTURAS CIRURGICAS,DE ACO INOXIDAVE
FIO DE SUTURA CATEGUTE SIMPLES 2 - 0 - MARCA : TECHNOFIO - CAIXA COM 24 UNIDADES;Fio De Sutura Categute Simples 2 - 0 - Marca : Technofio - Caixa Com 24 Unidades;R$95.29;0;277;Hospitalares;10;30061020   MATERIAIS PARA SUTURAS CIRURGICAS,DE ACO INOXIDAVE
FIO DE SUTURA CATEGUTE SIMPLES 3-0 - MARCA : TECHNOFIO - CAIXA COM 24 UNIDADES;Fio De Sutura Categute Simples 3-0 - Marca : Technofio - Caixa Com 24 Unidades;R$92.00;0;285;Hospitalares;10;30061020   MATERIAIS PARA SUTURAS CIRURGICAS,DE ACO INOXIDAVE
FIO DE SUTURA CATEGUTE SIMPLES 4-0 - MARCA : TECHNOFIO - CAIXA COM 24 UNIDADES;Fio De Sutura Categute Simples 4-0 - Marca : Technofio - Caixa Com 24 Unidades;R$92.00;0;279;Hospitalares;10;30061020   MATERIAIS PARA SUTURAS CIRURGICAS,DE ACO INOXIDAVE
FIO DE SUTURA MONONYLON  1-0 - MARCA: SHALLON - CAIXA COM 24 UNIDADES;Fio De Sutura Mononylon  1-0 - Marca: Shallon - Caixa Com 24 Unidades;R$33.21;5;280;Hospitalares;10;30061020   MATERIAIS PARA SUTURAS CIRURGICAS,DE ACO INOXIDAVE
FIO DE SUTURA MONONYLON 2-0 - MARCA : TECHNOFIO - CAIXA COM 24 UNIDADES;Fio De Sutura Mononylon 2-0 - Marca : Technofio - Caixa Com 24 Unidades;R$34.94;0;405;Hospitalares;10;30061020   MATERIAIS PARA SUTURAS CIRURGICAS,DE ACO INOXIDAVE
FIO DE SUTURA MONONYLON 3-0 - MARCA : TECHNOFIO - CAIXA COM 24 UNIDADES;Fio De Sutura Mononylon 3-0 - Marca : Technofio - Caixa Com 24 Unidades;R$29.00;5;278;Hospitalares;10;30061020   MATERIAIS PARA SUTURAS CIRURGICAS,DE ACO INOXIDAVE
FIO DE SUTURA MONONYLON 4-0 - MARCA : TECHNOFIO - CAIXA COM 24 UNIDADES;Fio De Sutura Mononylon 4-0 - Marca : Technofio - Caixa Com 24 Unidades;R$32.07;0;288;Hospitalares;10;30061020   MATERIAIS PARA SUTURAS CIRURGICAS,DE ACO INOXIDAVE
FIO DE SUTURA MONONYLON 5-0 - MARCA : TECHNOFIO - CAIXA COM 24 UNIDADES;Fio De Sutura Mononylon 5-0 - Marca : Technofio - Caixa Com 24 Unidades;R$33.21;0;281;Hospitalares;10;30061020   MATERIAIS PARA SUTURAS CIRURGICAS,DE ACO INOXIDAVE
FIO DE SUTURA VICRIL 1-0 - MARCA : TECHNOFIO - CAIXA COM 36 UNIDADES;Fio De Sutura Vicril 1-0 - Marca : Technofio - Caixa Com 36 Unidades;R$312.33;0;282;Hospitalares;10;30061020   MATERIAIS PARA SUTURAS CIRURGICAS,DE ACO INOXIDAVE
FITA ADESIVA MARROM TAM. 48 x 40 MT;Fita Adesiva Marrom Tam. 48 X 40 Mt;R$3.19;291;454;Outros;0;59061000   FITAS ADESIVAS,TECIDAS COM BORRACHA,DE LARGURA<=20
FITA ADESIVA TRANSPARENTE TAM. 48 x 45 MT;Fita Adesiva Transparente Tam. 48 X 45 Mt;R$3.19;92;348;Outros;0;59061000   FITAS ADESIVAS,TECIDAS COM BORRACHA,DE LARGURA<=20
FITA HOSPITALAR CREPE 19 mm x 50 m - MARCA : CIEX;Fita Hospitalar Crepe 19 Mm X 50 M - Marca : Ciex;R$3.08;0;65;Hospitalares;50;30051090   OUTSPENSOS ADESIVOS,ARTIGOS ANALOGOS C/CAMADA ADES
FITA INDICADORA PARA AUTOCLAVE 19 x 30 - MARCA : CIEX;Fita Indicadora Para Autoclave 19 X 30 - Marca : Ciex;R$3.07;207;332;Hospitalares;100;30051090   OUTSPENSOS ADESIVOS,ARTIGOS ANALOGOS C/CAMADA ADES
FLANELA AMARELA - 40 x 60 cm - MARCA : BRULIMP;Flanela Amarela - 40 X 60 Cm - Marca : Brulimp;R$1.81;205;620;Materiais de Limpeza;150;63071000   RODILHAS,ESFREGOES E OUTSARTEFATOS CONFECCDE LIMPE
FLANELA AMARELA - 50 X 80 cm - MARCA : BRULIMP;Flanela Amarela - 50 X 80 Cm - Marca : Brulimp;R$2.42;99;415;Materiais de Limpeza;150;63071000   RODILHAS,ESFREGOES E OUTSARTEFATOS CONFECCDE LIMPE
FLANELA BRANCA - 30 x 50 cm - MARCA : DANTEX;Flanela Branca - 30 X 50 Cm - Marca : Dantex;R$1.01;0;202;Materiais de Limpeza;100;63071000   RODILHAS,ESFREGOES E OUTSARTEFATOS CONFECCDE LIMPE
FLANELA BRANCA - 40 x 60 cm - MARCA : BRULIMP;Flanela Branca - 40 X 60 Cm - Marca : Brulimp;R$1.81;541;179;Materiais de Limpeza;40;63071000   RODILHAS,ESFREGOES E OUTSARTEFATOS CONFECCDE LIMPE
FLANELA VERMELHA - 40 x 60 cm - MARCA : FLANELA & CIA;Flanela Vermelha - 40 X 60 Cm - Marca : Flanela & Cia;R$1.20;7;237;Materiais de Limpeza;100;63071000   RODILHAS,ESFREGOES E OUTSARTEFATOS CONFECCDE LIMPE
FOGÄO 06 BOCAS - MARCA : CONSUL;Fogío 06 Bocas - Marca : Consul;R$943.80;0;299;Outros;0;85166000   OUTSFORNOS,FOGOES DE COZINHA,FOGAREIROS,ETCELETROT
FORMOL 37% - EMBALAGEM COM 1.000 ml;Formol 37% - Embalagem Com 1.000 Ml;R$13.26;0;462;Hospitalares;0;30049099   OUTROS MEDICAMCONTPRODSP/FINS TERAPEUTICOS,ETCDOSE
FOSFORO PACOTE COM 10 CAIXAS COM 40 PALITOS - MARCA : QUE LUZ;Fosforo Pacote Com 10 Caixas Com 40 Palitos - Marca : Que Luz;R$2.53;0;97;Descartˇveis;1;36050000   FOSFOROS,EXCETO OS ARTIGOS DE PIROTECNIA
FOSFORO PACOTE COM 10 CAIXAS COM 40 PALITOS - MARCA : QUE LUZ;Fosforo Pacote Com 10 Caixas Com 40 Palitos - Marca : Que Luz;R$2.45;332;270;Descartˇveis;1;36050000   FOSFOROS,EXCETO OS ARTIGOS DE PIROTECNIA
FRALDA GERIATRICA EXTRA GRANDE - MARCA : MASTER CARE - PACOTE COM 07 UNIDADES;Fralda Geriatrica Extra Grande - Marca : Master Care - Pacote Com 07 Unidades;R$12.28;250;130;Hospitalares;150;48184010   FRALDAS DE PAPEL
FRALDA GERIATRICA GRANDE - MARCA : MASTER CARE - PACOTE COM 08 UNIDADES;Fralda Geriatrica Grande - Marca : Master Care - Pacote Com 08 Unidades;R$12.28;76;129;Hospitalares;150;48184010   FRALDAS DE PAPEL
FRALDA GERIATRICA MêDIA - MARCA : MASTER CARE - PACOTE COM 08 UNIDADES;Fralda Geriatrica M?dia - Marca : Master Care - Pacote Com 08 Unidades;R$12.28;640;128;Hospitalares;100;48184010   FRALDAS DE PAPEL
FRALDA INFANTIL TAMANHO G - PACOTE COM 07 UNIDADES - MARCA : TRELOSO BABY;Fralda Infantil Tamanho G - Pacote Com 07 Unidades - Marca : Treloso Baby;R$6.11;30;165;Descartˇveis;200;48184010   FRALDAS DE PAPEL
FRALDA INFANTIL TAMANHO M - PACOTE COM 08 UNIDADES;Fralda Infantil Tamanho M - Pacote Com 08 Unidades;R$6.11;300;164;Descartˇveis;200;48184010   FRALDAS DE PAPEL
FRALDA INFANTIL TAMANHO P - PACOTE COM 09 UNIDADES - MARCA : TRELOSO BABY;Fralda Infantil Tamanho P - Pacote Com 09 Unidades - Marca : Treloso Baby;R$5.33;100;163;Descartˇveis;200;48184010   FRALDAS DE PAPEL
FRALDA INFANTIL TAMANHO XG - PACOTE COM 07 UNIDADES - MARCA : TRELOSO BABY;Fralda Infantil Tamanho Xg - Pacote Com 07 Unidades - Marca : Treloso Baby;R$6.11;60;166;Descartˇveis;200;48184010   FRALDAS DE PAPEL
GARFO DESCARTAVEL - MARCA : APS - PACOTE COM 50 UNIDADES;Garfo Descartavel - Marca : Aps - Pacote Com 50 Unidades;R$2.82;0;224;Descartˇveis;0;39241000   SERVICOS DE MESA/OUTSARTIGOS MESA/COZINHA,DE PLAST
GARFO PARA REFEI?ÄO - CAIXA COM 1.000 UNIDADES;Garfo Para Refei?ío - Caixa Com 1.000 Unidades;R$66.45;0;623;Descartˇveis;0;
GARRAFA PET COM VALVULA BICO DE PATO;Garrafa Pet Com Valvula Bico De Pato;R$6.58;21;411;Materiais de Limpeza;500;68053090   OUTROS ABRASIVOS NAT/ARTIFEM PO/GRAOS APLICOUTMATE
GARRAFA TERMICA DE 01 LITRO - MARCA : ALADIN;Garrafa Termica De 01 Litro - Marca : Aladin;R$29.27;10;331;Recipientes/Plasticos;5;96170010   GARRAFA TERMICA/OUTSRECIPISOTERMMONTADOS,ISOLVACUO
GELCO 18 G - MARCA : HEALCATH;Gelco 18 G - Marca : Healcath;R$0.81;0;302;Descartˇveis;5;90183929   OUTRAS SONDAS,CATETERES E CANULAS
GELCO 20 G - MARCA : HEALCATH;Gelco 20 G - Marca : Healcath;R$0.81;0;521;Outros;0;90183929   OUTRAS SONDAS,CATETERES E CANULAS
GRAMPEADOR - MARCA : MAPED;Grampeador - Marca : Maped;R$19.82;8;452;Outros;0;84729040   MAQUINAS DE APONTAR LAPIS,PERFURADORES,GRAMPEADORE
GUARDANAPO CAI CAI - 250 FOLHAS SIMPLES;Guardanapo Cai Cai - 250 Folhas Simples;R$3.48;0;621;Descartˇveis;0;
GUARDANAPO TAMANHO 14 x 14 cm - PACOTE COM 200 UNIDADES - MARCA : GULA;Guardanapo Tamanho 14 X 14 Cm - Pacote Com 200 Unidades - Marca : Gula;R$1.50;1740;212;Descartˇveis;100;48183000   TOALHAS E GUARDANAPOS,DE PAPEL,DE MESA
GUARDANAPO TAMANHO 20 x 18 cm - PACOTE COM 40 UNIDADES - MARCA: MAXX;Guardanapo Tamanho 20 X 18 Cm - Pacote Com 40 Unidades - Marca: Maxx;R$0.56;1022;213;Descartˇveis;200;48183000   TOALHAS E GUARDANAPOS,DE PAPEL,DE MESA
GUARDANAPO TAMANHO 22 x 20 cm  PACOTE COM 50 UNIDADES - MARCA : MAXX;Guardanapo Tamanho 22 X 20 Cm  Pacote Com 50 Unidades - Marca : Maxx;R$0.76;1060;467;Hospitalares;30;30059090   OUTSPASTAS,GAZES,SEMELHP/USO MEDICINAL,CIRURGICO,E
GUARDANAPO TAMANHO 29 x 30 cm - MARCA : PEROLA - PACOTE COM 48 UNIDADES;Guardanapo Tamanho 29 X 30 Cm - Marca : Perola - Pacote Com 48 Unidades;R$1.30;15;367;Hospitalares;100;48184010   FRALDAS DE PAPEL
GUARDANAPO TAMANHO 30 x 30 cm - PACOTE COM 30 UNIDADES - MARCA : CONFORTO;Guardanapo Tamanho 30 X 30 Cm - Pacote Com 30 Unidades - Marca : Conforto;R$1.50;37;211;Descartˇveis;30;48183000   TOALHAS E GUARDANAPOS,DE PAPEL,DE MESA
HAMBURGUERIA ISOBRAS TAMPA ARTICULADA - COM 100 UNIDADES;Hamburgueria Isobras Tampa Articulada - Com 100 Unidades;R$53.95;1;304;Descartˇveis;0;85044040   EQUIPAMENTO DE ALIMENTININTERRUPTA DE ENERGIA ELET
HIPOCLORITO 1 % DE 05 LITROS - MARCA : BRASCOM;Hipoclorito 1 % De 05 Litros - Marca : Brascom;R$11.60;48;357;Hospitalares;10;28289011   HIPOCLORITOS DE SODIO
HIPOCLORITO 10%  5 LITROS - TECNOLLAR;Hipoclorito 10%  5 Litros - Tecnollar;R$15.95;0;470;Materiais de Limpeza;0;34052000   ENCAUSTICAS/PREPARSP/CONSERVSDE MOVEIS,ETCDE MADEI
HIPOCLORITO 2 % DE 05 LITROS - MARCA : BRASCOM;Hipoclorito 2 % De 05 Litros - Marca : Brascom;R$13.05;26;106;Hospitalares;10;28289011   HIPOCLORITOS DE SODIO
HIPOCLORITO LIQUIDO ˙ 10 % DE 05 LITROS - MARCA : KC;Hipoclorito Liquido ˙ 10 % De 05 Litros - Marca : Kc;R$12.60;19;223;Materiais de Limpeza;10;34022000   PREPARACOES TENSOATIVAS,PARA LAVAGEM E LIMPEZA
HIPOCLORITO LIQUIDO DE 10% DE 05 LITROS - MARCA : BRASCOM;Hipoclorito Liquido De 10% De 05 Litros - Marca : Brascom;R$27.55;13;147;Materiais de Limpeza;5;34012090   OUTROS SABOES
IMPRESSORA HP 1102;Impressora Hp 1102;R$644.11;5;324;Outros;5;"84716025   IMPRESSORAS C/VI<30PPM,A \""LASER\"",ETCMONOCROMLI<=42"
IMPRESSORA HP LASER M125A;Impressora Hp Laser M125A;R$940.38;0;306;Outros;0;"84716025   IMPRESSORAS C/VI<30PPM,A \""LASER\"",ETCMONOCROMLI<=42"
INSETICIDA 300 ml - MARCA : SBP;Inseticida 300 Ml - Marca : Sbp;R$10.35;8;78;Materiais de Limpeza;50;38081027   INSETICIDA A BASE DE OLEO MINERAL
INSETICIDA AEROSOL 300 ml;Inseticida Aerosol 300 Ml;R$6.49;64;619;Materiais de Limpeza;5;"84716025   IMPRESSORAS C/VI<30PPM,A \""LASER\"",ETCMONOCROMLI<=42"
INSETICIDA AEROSOL DE 400 ml - MARCA : MAT INSET;Inseticida Aerosol De 400 Ml - Marca : Mat Inset;R$8.46;96;519;Materiais de Limpeza;0;22011000   AGUA MINERAL/GASEIFN/ADICIONACUCAR,N/AROMATIZADA,E
LEITE EM PÖ DESNATADO 200 g - MARCA CCGL;Leite Em PΩ Desnatado 200 G - Marca Ccgl;R$5.51;0;74;Outros;50;04022120   LEITE PARCDESNATEM PO,MATGORDA>15%,CONCENTRN/ADOC
LEN?OL HOSPITALAR 50 x 70 cm ;Len?ol Hospitalar 50 X 70 Cm ;R$7.28;49;10;Hospitalares;50;48189000   OUTSARTIGOS DE PAPEL,P/USO SANITARIO/DOMESTICO/HOS
LEN?OL HOSPITALAR 50X50 CM - BRANCO FARDO COM 10 ROLOS;Len?ol Hospitalar 50X50 Cm - Branco Fardo Com 10 Rolos;R$55.10;0;168;Recipientes/Plasticos;5;63029300   ROUPAS DE TOUCADOR/COZINHA,DE FIBRAS SINTETICAS/AR
LIMPA ALUMINIO EMBALAGEM COM 500 ml - MARCA : HIPER BOM;Limpa Aluminio Embalagem Com 500 Ml - Marca : Hiper Bom;R$1.69;12;530;Materiais de Limpeza;0;34029039   OUTRAS PREPARACOES PARA LAVAGEM (DETERGENTES)
LIMPA BAU CONCENTRA?ÄO 1/10 DE 05 LITROS - MARCA : BRASCOM BAUCLIM;Limpa Bau Concentra?ío 1/10 De 05 Litros - Marca : Brascom Bauclim;R$31.90;13;476;Materiais de Limpeza;0;29336919   OUTSCOMPOSTHETEROCCICLO TRIAZINA,C/CLORO LIGCOVALE
LIMPA BAU CONCENTRA?ÄO 1/30 DE 05 LITROS - MARCA : BRASCOM SC 100;Limpa Bau Concentra?ío 1/30 De 05 Litros - Marca : Brascom Sc 100;R$57.13;21;456;Materiais de Limpeza;0;34029039   OUTRAS PREPARACOES PARA LAVAGEM (DETERGENTES)
LIMPA VIDRO 500 ml - MARCA : AUDAX;Limpa Vidro 500 Ml - Marca : Audax;R$2.61;313;127;Materiais de Limpeza;50;34021900   OUTROS AGENTES ORGANICOS DE SUPERFICIE
LIMPA VIDROS DE 05 LITROS - AUDAX;Limpa Vidros De 05 Litros - Audax;R$15.25;3;540;Materiais de Limpeza;0;82122010   LAMINAS DE BARBEAR,DE SEGURANCA,DE METAIS COMUNS
LIMPADOR DE USO GERAL 5 LITROS - TECNOLLAR;Limpador De Uso Geral 5 Litros - Tecnollar;R$7.25;0;352;Outros;0;96082000   CANETAS E MARCADORES,C/PONTA DE FELTRO/PONTAS PORO
LIMPADOR MULTIUSO 500 ml - MARCA : AUDAX;Limpador Multiuso 500 Ml - Marca : Audax;R$3.45;0;109;Materiais de Limpeza;50;34021900   OUTROS AGENTES ORGANICOS DE SUPERFICIE
LIMPADOR MULTIUSO DE 500 ml - MARCA : Q BOA;Limpador Multiuso De 500 Ml - Marca : Q Boa;R$2.80;46;527;Materiais de Limpeza;30;22071000   ALCOOL ETILICO N/DESNATURADO C/VOLTEOR ALCOOLICO>=
LIMPADOR MULTIUSO TECH - MARCA : UAU;Limpador Multiuso Tech - Marca : Uau;R$4.06;3;242;Materiais de Limpeza;0;34022000   PREPARACOES TENSOATIVAS,PARA LAVAGEM E LIMPEZA
LIMPEZA PESADA COM CLORO ATIVO - MARCA : UAU;Limpeza Pesada Com Cloro Ativo - Marca : Uau;R$5.56;15;79;Materiais de Limpeza;50;34022000   PREPARACOES TENSOATIVAS,PARA LAVAGEM E LIMPEZA
LIXEIRA BASCULHANTE DE 30 LITROS - MARCA : PLASVALE;Lixeira Basculhante De 30 Litros - Marca : Plasvale;R$24.01;0;329;Recipientes/Plasticos;5;39249000   OUTROS ARTIGOS DE HIGIENE OU DE TOUCADOR,DE PLASTI
LIXEIRA COM PEDAL 12 LITROS ;Lixeira Com Pedal 12 Litros ;R$31.90;2;328;Recipientes/Plasticos;5;39249000   OUTROS ARTIGOS DE HIGIENE OU DE TOUCADOR,DE PLASTI
LIXEIRA COM PEDAL 21 LITROS - MARCA : TRITEC;Lixeira Com Pedal 21 Litros - Marca : Tritec;R$39.33;1;401;Recipientes/Plasticos;0;39249000   OUTROS ARTIGOS DE HIGIENE OU DE TOUCADOR,DE PLASTI
LIXEIRA COM PEDAL 25 LITROS - MARCA : MARFINIT;Lixeira Com Pedal 25 Litros - Marca : Marfinit;R$91.35;0;402;Recipientes/Plasticos;5;39249000   OUTROS ARTIGOS DE HIGIENE OU DE TOUCADOR,DE PLASTI
LIXEIRA TELADA DE 10 LITROS - MARCA : ARQPLAST;Lixeira Telada De 10 Litros - Marca : Arqplast;R$4.82;122;200;Recipientes/Plasticos;30;39249000   OUTROS ARTIGOS DE HIGIENE OU DE TOUCADOR,DE PLASTI
LUMINARIA DE EMERG„NCIA - MARCA : PRATIK;Luminaria De Emerg?ncia - Marca : Pratik;R$29.51;40;303;Outros;5;94051099   LUSTRES E APARSILUMINELETRDE OUTSMATERP/TETO/PARED
LUSTRA MOVEIS 200 ml - MARCA : AUDAX;Lustra Moveis 200 Ml - Marca : Audax;R$1.88;97;88;Materiais de Limpeza;20;34052000   ENCAUSTICAS/PREPARSP/CONSERVSDE MOVEIS,ETCDE MADEI
LUSTRA MOVEIS 500 ml - MARCA : AUDAX;Lustra Moveis 500 Ml - Marca : Audax;R$4.19;0;317;Materiais de Limpeza;20;34052000   ENCAUSTICAS/PREPARSP/CONSERVSDE MOVEIS,ETCDE MADEI
LUVA BICOLOR  GRANDE - MARCA VOLK;Luva Bicolor  Grande - Marca Volk;R$10.00;104;63;Descartˇveis;20;40151900   OUTRAS LUVAS DE BORRACHA VULCANIZADA,NAO ENDURECID
LUVA BICOLOR MêDIA - MARCA VOLK;Luva Bicolor M?dia - Marca Volk;R$10.00;81;62;Descartˇveis;20;40151900   OUTRAS LUVAS DE BORRACHA VULCANIZADA,NAO ENDURECID
LUVA CIRURGICA Nı 7,0 - PAR - MARCA : MAXITEX;Luva Cirurgica Nı 7,0 - Par - Marca : Maxitex;R$1.50;0;52;Hospitalares;10;40151900   OUTRAS LUVAS DE BORRACHA VULCANIZADA,NAO ENDURECID
LUVA CIRURGICA Nı 7,5 - PAR - MARCA : MAXITEX;Luva Cirurgica Nı 7,5 - Par - Marca : Maxitex;R$1.50;1980;50;Hospitalares;5;40151900   OUTRAS LUVAS DE BORRACHA VULCANIZADA,NAO ENDURECID
LUVA CIRURGICA Nı 8,0 - PAR - MARCA : MAXITEX;Luva Cirurgica Nı 8,0 - Par - Marca : Maxitex;R$1.50;1900;51;Hospitalares;5;40151900   OUTRAS LUVAS DE BORRACHA VULCANIZADA,NAO ENDURECID
LUVA CIRURGICA Nı 8,5 - PAR - MARCA : MAXITEX;Luva Cirurgica Nı 8,5 - Par - Marca : Maxitex;R$1.50;1250;152;Hospitalares;500;40151900   OUTRAS LUVAS DE BORRACHA VULCANIZADA,NAO ENDURECID
LUVA DE MALHA AZUL - MARCA : ;Luva De Malha Azul - Marca : ;R$6.52;10;541;Materiais de Limpeza;10;28153000   PEROXIDOS DE SODIO OU DE POTASSIO
LUVA DE MALHA PIGMENTADA - MARCA : ;Luva De Malha Pigmentada - Marca : ;R$4.06;6;460;Materiais de Limpeza;0;90183119   OUTRAS SERINGAS DE PLASTICO,MESMO C/AGULHAS
LUVA DE MALHA PIGMENTADA PRETA;Luva De Malha Pigmentada Preta;R$4.20;5;520;Materiais de Limpeza;0;22011000   AGUA MINERAL/GASEIFN/ADICIONACUCAR,N/AROMATIZADA,E
LUVA DE PROCEDIMENTO GRANDE - MARCA : SUPERMAX OU MEDIX - CAIXA COM 100 UNIDADES;Luva De Procedimento Grande - Marca : Supermax Ou Medix - Caixa Com 100 Unidades;R$89.90;152;261;Hospitalares;50;40151100   LUVAS P/CIRURGIA,DE BORRACHA VULCANIZADA,N/ENDUREC
LUVA DE PROCEDIMENTO MêDIA - MARCA : MEDIX OU SUPERMAX - CAIXA COM 100 UNIDADES;Luva De Procedimento M?dia - Marca : Medix Ou Supermax - Caixa Com 100 Unidades;R$89.90;583;45;Hospitalares;50;40151900   OUTRAS LUVAS DE BORRACHA VULCANIZADA,NAO ENDURECID
LUVA DE PROCEDIMENTO PEQUENA - MARCA : LEMGRUBER - CAIXA COM 100 UNIDADES;Luva De Procedimento Pequena - Marca : Lemgruber - Caixa Com 100 Unidades;R$89.90;725;42;Hospitalares;40;40151900   OUTRAS LUVAS DE BORRACHA VULCANIZADA,NAO ENDURECID
LUVA DE SILICONE - TAMANHO M;Luva De Silicone - Tamanho M;R$11.90;6;242;Outros;0;85094010   LIQUIDIFICADOR DE ALIMENTOS,C/MOTOR ELETRUSO DOMES
LUVA DE VINIL GRANDE COM PÖ - MARCA : VOLK - CX C/ 100 UND;Luva De Vinil Grande Com PΩ - Marca : Volk - Cx C/ 100 Und;R$11.76;0;49;Hospitalares;5;40151900   OUTRAS LUVAS DE BORRACHA VULCANIZADA,NAO ENDURECID
LUVA DESCARTAVEL - PACOTE COM 100 UNIDADES;Luva Descartavel - Pacote Com 100 Unidades;R$6.09;21;425;Descartˇveis;0;40151900   OUTRAS LUVAS DE BORRACHA VULCANIZADA,NAO ENDURECID
LUVA NITRILICA TAMANHO GRANDE - MARCA : VOLK - VERDE;Luva Nitrilica Tamanho Grande - Marca : Volk - Verde;R$8.22;240;429;Materiais de Limpeza;0;40151900   OUTRAS LUVAS DE BORRACHA VULCANIZADA,NAO ENDURECID
LUVA NITRILICA TAMANHO MEDIO - MARCA : VOLK - VERDE;Luva Nitrilica Tamanho Medio - Marca : Volk - Verde;R$8.22;120;292;Hospitalares;50;40151900   OUTRAS LUVAS DE BORRACHA VULCANIZADA,NAO ENDURECID
LUVA REFOR?ADA PRETA TAMANHO GRANDE - MARCA : MUCAMBO;Luva Refor?ada Preta Tamanho Grande - Marca : Mucambo;R$6.61;75;141;Materiais de Limpeza;100;40151900   OUTRAS LUVAS DE BORRACHA VULCANIZADA,NAO ENDURECID
LUVA REFOR?ADA PRETA TAMANHO MEDIO - MARCA : MUCAMBO;Luva Refor?ada Preta Tamanho Medio - Marca : Mucambo;R$6.61;49;253;Materiais de Limpeza;100;40151900   OUTRAS LUVAS DE BORRACHA VULCANIZADA,NAO ENDURECID
LUVA TAMANHO GRANDE - MARCA : MUCAMBO - AMARELA;Luva Tamanho Grande - Marca : Mucambo - Amarela;R$4.81;0;252;Materiais de Limpeza;100;40151900   OUTRAS LUVAS DE BORRACHA VULCANIZADA,NAO ENDURECID
LUVA TAMANHO GRANDE - MARCA : MUCAMBO - VERDE;Luva Tamanho Grande - Marca : Mucambo - Verde;R$5.22;26;254;Materiais de Limpeza;100;40151900   OUTRAS LUVAS DE BORRACHA VULCANIZADA,NAO ENDURECID
LUVA TAMANHO GRANDE SLIM - MARCA : VOLK AMARELA;Luva Tamanho Grande Slim - Marca : Volk Amarela;R$3.40;102;323;Materiais de Limpeza;100;40151900   OUTRAS LUVAS DE BORRACHA VULCANIZADA,NAO ENDURECID
LUVA TAMANHO GRANDE VERNIZ - MARCA : VOLK ;Luva Tamanho Grande Verniz - Marca : Volk ;R$5.61;96;144;Materiais de Limpeza;100;40151900   OUTRAS LUVAS DE BORRACHA VULCANIZADA,NAO ENDURECID
LUVA TAMANHO MêDIA - MARCA : MUCAMBO - AMARELA;Luva Tamanho M?dia - Marca : Mucambo - Amarela;R$4.81;0;251;Materiais de Limpeza;100;40151900   OUTRAS LUVAS DE BORRACHA VULCANIZADA,NAO ENDURECID
LUVA TAMANHO MêDIA - MARCA : MUCAMBO - AZUL;Luva Tamanho M?dia - Marca : Mucambo - Azul;R$2.17;0;321;Materiais de Limpeza;100;40151900   OUTRAS LUVAS DE BORRACHA VULCANIZADA,NAO ENDURECID
LUVA TAMANHO MEDIA - MARCA : MUCAMBO - VERDE;Luva Tamanho Media - Marca : Mucambo - Verde;R$5.40;4;142;Materiais de Limpeza;100;40151900   OUTRAS LUVAS DE BORRACHA VULCANIZADA,NAO ENDURECID
LUVA TAMANHO MêDIA SLM - MARCA : VOLK - AMARELA;Luva Tamanho M?dia Slm - Marca : Volk - Amarela;R$3.40;0;143;Materiais de Limpeza;100;40151900   OUTRAS LUVAS DE BORRACHA VULCANIZADA,NAO ENDURECID
LUVA TAMANHO MEDIO VERNIZ - MARCA : VOLK ;Luva Tamanho Medio Verniz - Marca : Volk ;R$5.61;32;146;Materiais de Limpeza;100;40151900   OUTRAS LUVAS DE BORRACHA VULCANIZADA,NAO ENDURECID
LUVA TAMANHO PEQUENA - MARCA : VOLK - AMARELA;Luva Tamanho Pequena - Marca : Volk - Amarela;R$3.40;432;430;Materiais de Limpeza;0;40151900   OUTRAS LUVAS DE BORRACHA VULCANIZADA,NAO ENDURECID
MANGUEIRA PARA JARDIM DE 10 METROS ;Mangueira Para Jardim De 10 Metros ;R$18.00;1;490;Recipientes/Plasticos;0;59090000   MANGUEIRAS E TUBOS SEMELHANTES,DE MATERIAS TEXTEIS
MANGUEIRA PARA JARDIM DE 15 METROS ;Mangueira Para Jardim De 15 Metros ;R$25.00;4;489;Recipientes/Plasticos;0;59090000   MANGUEIRAS E TUBOS SEMELHANTES,DE MATERIAS TEXTEIS
MANGUEIRA PARA JARDIM DE 20 METROS ;Mangueira Para Jardim De 20 Metros ;R$35.00;4;488;Recipientes/Plasticos;0;59090000   MANGUEIRAS E TUBOS SEMELHANTES,DE MATERIAS TEXTEIS
MASCARA DESC. COM ELASTICO - MARCA : DESCARBOX - CAIXA COM 50 UNIDADES;Mascara Desc. Com Elastico - Marca : Descarbox - Caixa Com 50 Unidades;R$41.23;81;485;Hospitalares;10;63079010   OUTROS ARTEFATOS CONFECCIONADOS,DE FALSO TECIDO
MASCARA N95 - MARCA : ECOMAX OU NUTRIEX- UNIDADE;Mascara N95 - Marca : Ecomax Ou Nutriex- Unidade;R$10.15;1163;477;Hospitalares;10;63079010   OUTROS ARTEFATOS CONFECCIONADOS,DE FALSO TECIDO
MESA PLASTICA;Mesa Plastica;R$50.54;22;192;Recipientes/Plasticos;0;94037000   MOVEIS DE PLASTICOS
MONITOR DE 18 POLEGADAS - MARCA : AOC;Monitor De 18 Polegadas - Marca : Aoc;R$426.15;4;513;Outros;0;85282190   OUTROS MONITORES DE VIDEO,A CORES
MOP ESFREGÄO - MARCA : BETANIN;Mop Esfregío - Marca : Betanin;R$9.86;99;311;Materiais de Limpeza;10;63071000   RODILHAS,ESFREGOES E OUTSARTEFATOS CONFECCDE LIMPE
MOP PÖ DE 60 cm - MARCA : BRALIMPIA;Mop PΩ De 60 Cm - Marca : Bralimpia;R$39.15;0;309;Materiais de Limpeza;0;85171100   APARSTELEFONPOR FIO COM 1 APARELHO TELEFPORTATS/FI
MOUSE ˙ LASER - MARCA : MULTILASER;Mouse ˙ Laser - Marca : Multilaser;R$10.87;30;514;Outros;0;84716053   INDICADORES/APONTADORES,P/MAQUINAS AUTOMATPROCDADO
MULTKOM LIMPEZA PESADA - 5 LITROS;Multkom Limpeza Pesada - 5 Litros;R$28.00;0;416;Materiais de Limpeza;0;48171000   ENVELOPES DE PAPEL OU CARTAO
NAFTALINA EM BOLA DE 30 g - MARCA : ORIENTAL;Naftalina Em Bola De 30 G - Marca : Oriental;R$1.37;200;465;Hospitalares;30;30059090   OUTSPASTAS,GAZES,SEMELHP/USO MEDICINAL,CIRURGICO,E
NOBREAK 700 VA - MARCA : NEW STATION;Nobreak 700 Va - Marca : New Station;R$449.69;3;305;Outros;0;85044040   EQUIPAMENTO DE ALIMENTININTERRUPTA DE ENERGIA ELET
OLEO DE PEROBA 100 ml ;Oleo De Peroba 100 Ml ;R$7.71;12;83;Materiais de Limpeza;5;33012200   OLEO ESSENCIAL,DE JASMIM
PÊ COLETORA - MARCA : BETTANIN;Pˇ Coletora - Marca : Bettanin;R$35.52;34;297;Materiais de Limpeza;0;82011000   PAS DE METAIS COMUNS
PÊ DE LIXO DE PLASTICO - MARCA : URANUS;Pˇ De Lixo De Plastico - Marca : Uranus;R$3.85;52;337;Materiais de Limpeza;50;82011000   PAS DE METAIS COMUNS
PÊ DE LIXO DE ZINCO - MARCA : URANUS;Pˇ De Lixo De Zinco - Marca : Uranus;R$3.65;788;153;Materiais de Limpeza;50;82011000   PAS DE METAIS COMUNS
PALHA DE A?O Nı 01 - MARCA : A?O BOM;Palha De A?o Nı 01 - Marca : A?o Bom;R$0.66;4880;319;Materiais de Limpeza;10;73231000   PALHAS,ESPONJAS,ETCDE FERRO/ACO,P/LIMPEZA/POLIMENT
PALHA DE A?O Nı 02 - MARCA : A?O BOM;Palha De A?o Nı 02 - Marca : A?o Bom;R$0.62;5320;341;Materiais de Limpeza;10;73231000   PALHAS,ESPONJAS,ETCDE FERRO/ACO,P/LIMPEZA/POLIMENT
PALITO DE DENTE - MARCA : PALITEX - CAIXA COM 100 UNIDADES;Palito De Dente - Marca : Palitex - Caixa Com 100 Unidades;R$0.29;1051;167;Descartˇveis;100;44219000   OUTRAS OBRAS DE MADEIRA
PANO DE CHÄO AMARELO - MARCA : TECELAGEM SÄO CRISTOVÄO;Pano De Chío Amarelo - Marca : Tecelagem Sío Cristovío;R$1.68;0;203;Materiais de Limpeza;50;63071000   RODILHAS,ESFREGOES E OUTSARTEFATOS CONFECCDE LIMPE
PANO DE CHÄO BRANCO - TIPO P - TAM. 40 x 62 cm - MARCA : BRULIMP;Pano De Chío Branco - Tipo P - Tam. 40 X 62 Cm - Marca : Brulimp;R$2.39;22;177;Materiais de Limpeza;100;63071000   RODILHAS,ESFREGOES E OUTSARTEFATOS CONFECCDE LIMPE
PANO DE CHÄO BRANCO - TIPO P- TAM . 42 X 70 cm - ALLMETEX;Pano De Chío Branco - Tipo P- Tam . 42 X 70 Cm - Allmetex;R$2.16;350;173;Materiais de Limpeza;100;63071000   RODILHAS,ESFREGOES E OUTSARTEFATOS CONFECCDE LIMPE
PANO DE CHÄO BRANCO TIPO M TAMANHO 48 x 76 cm - MARCA : BRULIMP;Pano De Chío Branco Tipo M Tamanho 48 X 76 Cm - Marca : Brulimp;R$5.00;234;300;Materiais de Limpeza;0;85165000   FORNOS DE MICROONDAS
PANO DE PRATO COLORIDO - MARCA : DANTEX;Pano De Prato Colorido - Marca : Dantex;R$1.45;98;209;Materiais de Limpeza;50;63071000   RODILHAS,ESFREGOES E OUTSARTEFATOS CONFECCDE LIMPE
PANO DE PRATO TIPO A  - MARCA : BRULIMP ;Pano De Prato Tipo A  - Marca : Brulimp ;R$2.05;121;273;Hospitalares;20;65069900   CHAPEUS E OUTROS ARTEFSDE OUTROS MATERIAS,EXCDE MA
PANO PARA LIMPEZA PERFLEX ;Pano Para Limpeza Perflex ;R$7.42;0;526;Recipientes/Plasticos;30;34012090   OUTROS SABOES
PANO PARA LIMPEZA TAM. 30 x 300 M - MARCA : BETTANIN;Pano Para Limpeza Tam. 30 X 300 M - Marca : Bettanin;R$139.20;10;176;Materiais de Limpeza;100;56031290   FALSOS TECIDOS DE OUTROS FILAMSINT/ARTIF25<P<=70G/
PAPEL A4 - MARCA : COPYMAX;Papel A4 - Marca : Copymax;R$20.96;540;155;Outros;100;48053000   PAPEL SULFITO P/EMBALAGEM,N/REVESTIDO,EM ROLOS/FOL
PAPEL ALUMINIO 30 cm x 7,5 M - MARCA : WYDA;Papel Aluminio 30 Cm X 7,5 M - Marca : Wyda;R$4.06;18;316;Hospitalares;250;76071990   OUTRAS FOLHAS E TIRAS,DE ALUMINIO,S/SUPORTE,ESP<=0
PAPEL ALUMINIO 45 cm X 7,5;Papel Aluminio 45 Cm X 7,5;R$5.58;5;257;Descartˇveis;500;48171000   ENVELOPES DE PAPEL OU CARTAO
PAPEL HIGIENICO 100 % CELULOSE DE 300 Metros - ROLO - MARCA: SUPREMO;Papel Higienico 100 % Celulose De 300 Metros - Rolo - Marca: Supremo;R$6.09;104;360;Materiais de Limpeza;100;48181000   PAPEL HIGIENICO
PAPEL HIGIENICO FOLHA DUPLA - ROLO - VELUD;Papel Higienico Folha Dupla - Rolo - Velud;R$1.27;280;23;Materiais de Limpeza;500;48181000   PAPEL HIGIENICO
PAPEL HIGIENICO FOLHA DUPLA ROLO - TWO;Papel Higienico Folha Dupla Rolo - Two;R$1.14;4132;353;Materiais de Limpeza;0;83059000   MOLAS P/PAPEIS,OUTSOBJSDE ESCRITORIO,DE METAIS COM
PAPEL HIGIENICO FOLHA SIMPLES ROLO - CONFOFEX;Papel Higienico Folha Simples Rolo - Confofex;R$0.62;5816;345;Materiais de Limpeza;0;83059000   MOLAS P/PAPEIS,OUTSOBJSDE ESCRITORIO,DE METAIS COM
PAPEL HIGIENICO NEUTRO DE 300 Metros - ROLO - MARCA : SILVER;Papel Higienico Neutro De 300 Metros - Rolo - Marca : Silver;R$5.00;696;93;Materiais de Limpeza;100;48181000   PAPEL HIGIENICO
PAPEL HIGIENICO SOFT - MARCA : FAMILIAR - ROLO;Papel Higienico Soft - Marca : Familiar - Rolo;R$0.56;2316;0;Descartˇveis;500;48181000   PAPEL HIGIENICO
PAPEL HIGIENICO SUPREMO - MARCA : FAMILIAR - ROLO;Papel Higienico Supremo - Marca : Familiar - Rolo;R$0.78;3608;122;Descartˇveis;500;48181000   PAPEL HIGIENICO
PAPEL HIGIENICO SUPREMO 60 Metros - MARCA - FAMILIAR;Papel Higienico Supremo 60 Metros - Marca - Familiar;R$1.37;5147;121;Materiais de Limpeza;100;48181000   PAPEL HIGIENICO
PAPEL TOALHA 100% CELULOSE 23 x 21 cm 900 FOLHAS - MARCA : MULTIPELL;Papel Toalha 100% Celulose 23 X 21 Cm 900 Folhas - Marca : Multipell;R$11.90;213;169;Materiais de Limpeza;50;48183000   TOALHAS E GUARDANAPOS,DE PAPEL,DE MESA
PAPEL TOALHA 100% CELULOSE COM 700 FOLHAS - MARCA : ANGRA;Papel Toalha 100% Celulose Com 700 Folhas - Marca : Angra;R$8.55;0;180;Hospitalares;50;30051090   OUTSPENSOS ADESIVOS,ARTIGOS ANALOGOS C/CAMADA ADES
PAPEL TOALHA 23 x 21 cm - MARCA : MULTIPELL - 750 FOLHAS;Papel Toalha 23 X 21 Cm - Marca : Multipell - 750 Folhas;R$8.12;396;94;Descartˇveis;30;48183000   TOALHAS E GUARDANAPOS,DE PAPEL,DE MESA
PAPEL TOALHA 23 x 21 cm 2.000 FOLHAS - BRANCO - MARCA : MAXX;Papel Toalha 23 X 21 Cm 2.000 Folhas - Branco - Marca : Maxx;R$28.26;564;9;Materiais de Limpeza;50;48183000   TOALHAS E GUARDANAPOS,DE PAPEL,DE MESA
PAPEL TOALHA BOBINA PACOTE COM 02 ROLOS - MARCA : ABSOLUTO ;Papel Toalha Bobina Pacote Com 02 Rolos - Marca : Absoluto ;R$4.13;30;36;Descartˇveis;10;39232190   OUTROS SACOS,BOLSAS E CARTUCHOS,DE POLIMEROS DE ET
PAPEL TOALHA BRANCO 1000 FOLHAS  - MARCA : SF;Papel Toalha Branco 1000 Folhas  - Marca : Sf;R$10.00;146;125;Descartˇveis;50;48183000   TOALHAS E GUARDANAPOS,DE PAPEL,DE MESA
PAPEL TOALHA EM BOBINA 20 x 100 METROS - MARCA : MAXX;Papel Toalha Em Bobina 20 X 100 Metros - Marca : Maxx;R$53.90;10;75;Descartˇveis;30;48183000   TOALHAS E GUARDANAPOS,DE PAPEL,DE MESA
PAPEL TOALHA EM BOBINA 20 x 200 METROS - MARCA: MAXX;Papel Toalha Em Bobina 20 X 200 Metros - Marca: Maxx;R$78.68;15;451;Descartˇveis;5;48183000   TOALHAS E GUARDANAPOS,DE PAPEL,DE MESA
PASTA CRISTAL 500 g;Pasta Cristal 500 G;R$4.64;72;44;Materiais de Limpeza;15;34054000   PASTAS,POS E OUTRAS PREPARACOES PARA AREAR
PASTA LIMPA ˙ SECO 500 g;Pasta Limpa ˙ Seco 500 G;R$3.50;1;480;Materiais de Limpeza;15;34029039   OUTRAS PREPARACOES PARA LAVAGEM (DETERGENTES)
PASTILHA SANITARIA - MARCA : PATO ;Pastilha Sanitaria - Marca : Pato ;R$2.17;24;368;Materiais de Limpeza;200;34029039   OUTRAS PREPARACOES PARA LAVAGEM (DETERGENTES)
PC LINUX 04 GB E 500 HD  - MARCA : SPACE;Pc Linux 04 Gb E 500 Hd  - Marca : Space;R$1.005.05;3;515;Outros;0;84715010   UNIDPROCDIGITPEQCAPBASE MICROPROCESSFOB<=US$12500
PEDRA SANITARIA DE 25 G - MARCA : 2 DE JULHO;Pedra Sanitaria De 25 G - Marca : 2 De Julho;R$1.30;216;191;Materiais de Limpeza;100;34022000   PREPARACOES TENSOATIVAS,PARA LAVAGEM E LIMPEZA
PEDRA SANITARIA DE 25 g - MARCA : GLADE;Pedra Sanitaria De 25 G - Marca : Glade;R$2.53;28;92;Materiais de Limpeza;10;34022000   PREPARACOES TENSOATIVAS,PARA LAVAGEM E LIMPEZA
PELICULA ESTICAVEL EM PVC - MARCA : GIROMIX;Pelicula Esticavel Em Pvc - Marca : Giromix;R$123.25;0;133;Descartˇveis;0;39241000   SERVICOS DE MESA/OUTSARTIGOS MESA/COZINHA,DE PLAST
PILHA 09 V - MARCA : RAYOVAC;Pilha 09 V - Marca : Rayovac;R$5.78;0;308;Outros;0;85061030   BATERIAS DE PILHAS,ELETRICAS,DE BIOXIDO DE MANGANE
PILHA ALCALINA AA - MARCA : PANASONIC;Pilha Alcalina Aa - Marca : Panasonic;R$2.90;198;531;Descartˇveis;0;85061030   BATERIAS DE PILHAS,ELETRICAS,DE BIOXIDO DE MANGANE
PILHA MOEDA;Pilha Moeda;R$1.59;10;249;Descartˇveis;30;85061030   BATERIAS DE PILHAS,ELETRICAS,DE BIOXIDO DE MANGANE
PILHA RECARREGAVEL TIPO AAA - MARCA : RAYOVAC ;Pilha Recarregavel Tipo Aaa - Marca : Rayovac ;R$9.81;0;248;Descartˇveis;30;85061030   BATERIAS DE PILHAS,ELETRICAS,DE BIOXIDO DE MANGANE
PILHA TIPO AA - MARCA : PANASONIC;Pilha Tipo Aa - Marca : Panasonic;R$0.79;0;218;Descartˇveis;30;85061030   BATERIAS DE PILHAS,ELETRICAS,DE BIOXIDO DE MANGANE
PILHA TIPO AAA - MARCA : PANASONIC;Pilha Tipo Aaa - Marca : Panasonic;R$1.18;968;247;Descartˇveis;30;85061030   BATERIAS DE PILHAS,ELETRICAS,DE BIOXIDO DE MANGANE
PILHA TIPO GRANDE - MARCA : RAYOVAC AMARELA;Pilha Tipo Grande - Marca : Rayovac Amarela;R$2.81;24;220;Descartˇveis;30;85061030   BATERIAS DE PILHAS,ELETRICAS,DE BIOXIDO DE MANGANE
PILHA TIPO MEDIA - MARCA : RAYOVAC AMARELA;Pilha Tipo Media - Marca : Rayovac Amarela;R$2.58;216;219;Descartˇveis;30;85061030   BATERIAS DE PILHAS,ELETRICAS,DE BIOXIDO DE MANGANE
PLACA DE SINALIZA?ÄO PISO MOLHADO - MARCA : BRALIMPIA;Placa De Sinaliza?ío Piso Molhado - Marca : Bralimpia;R$41.32;1;294;Materiais de Limpeza;20;73231000   PALHAS,ESPONJAS,ETCDE FERRO/ACO,P/LIMPEZA/POLIMENT
PORTA COPO ACRILICO 200 ml - MARCA : TRILHA;Porta Copo Acrilico 200 Ml - Marca : Trilha;R$14.94;0;417;Recipientes/Plasticos;0;39229000   OUTSARTIGOS P/USOS SANITARIOS/HIGIENICOS,DE PLASTI
PORTA COPO DE 50 ml - MARCA : TRILHA;Porta Copo De 50 Ml - Marca : Trilha;R$11.22;0;342;Descartˇveis;0;39241000   SERVICOS DE MESA/OUTSARTIGOS MESA/COZINHA,DE PLAST
PORTA PAPEL TOALHA - MARCA : NOBRE;Porta Papel Toalha - Marca : Nobre;R$25.81;148;117;Recipientes/Plasticos;10;39229000   OUTSARTIGOS P/USOS SANITARIOS/HIGIENICOS,DE PLASTI
PORTA PAPEL TOALHA PLUS -  EXACCTA;Porta Papel Toalha Plus -  Exaccta;R$26.58;59;523;Recipientes/Plasticos;30;39229000   OUTSARTIGOS P/USOS SANITARIOS/HIGIENICOS,DE PLASTI
PORTA PAPEL TOALHA PUXE E CORTA - MARCA : EXACTA;Porta Papel Toalha Puxe E Corta - Marca : Exacta;R$170.43;0;500;Recipientes/Plasticos;0;39229000   OUTSARTIGOS P/USOS SANITARIOS/HIGIENICOS,DE PLASTI
POTE DE 02 Kg COM TAMPA - MARCA : FIBRASA;Pote De 02 Kg Com Tampa - Marca : Fibrasa;R$1.20;0;344;Descartˇveis;0;39241000   SERVICOS DE MESA/OUTSARTIGOS MESA/COZINHA,DE PLAST
POTE DE 250 ML;Pote De 250 Ml;R$0.43;300;343;Descartˇveis;0;39241000   SERVICOS DE MESA/OUTSARTIGOS MESA/COZINHA,DE PLAST
POUPA COPO DE 200 ml - MARCA : EXACTA;Poupa Copo De 200 Ml - Marca : Exacta;R$40.97;0;334;Recipientes/Plasticos;0;39229000   OUTSARTIGOS P/USOS SANITARIOS/HIGIENICOS,DE PLASTI
POUPA COPO DE 50 ml - MARCA : EXACTA;Poupa Copo De 50 Ml - Marca : Exacta;R$32.62;8;335;Recipientes/Plasticos;0;39229000   OUTSARTIGOS P/USOS SANITARIOS/HIGIENICOS,DE PLASTI
PRATO DESCARTAVEL TAMANHO 15 cm - PACOTE COM 10 UNIDADES - MARCA : COPOZAN;Prato Descartavel Tamanho 15 Cm - Pacote Com 10 Unidades - Marca : Copozan;R$0.51;0;214;Descartˇveis;100;39241000   SERVICOS DE MESA/OUTSARTIGOS MESA/COZINHA,DE PLAST
PRATO DESCARTAVEL TAMANHO 17,5 cm - PACOTE COM 10 UNIDADES - MARCA : COPOBRAS;Prato Descartavel Tamanho 17,5 Cm - Pacote Com 10 Unidades - Marca : Copobras;R$1.05;547;560;Descartˇveis;100;39241000   SERVICOS DE MESA/OUTSARTIGOS MESA/COZINHA,DE PLAST
PRATO DESCARTAVEL TAMANHO 18 cm - PACOTE COM 10 UNIDADES - MARCA : COPOZAN;Prato Descartavel Tamanho 18 Cm - Pacote Com 10 Unidades - Marca : Copozan;R$1.05;147;215;Descartˇveis;100;39241000   SERVICOS DE MESA/OUTSARTIGOS MESA/COZINHA,DE PLAST
PRATO DESCARTAVEL TAMANHO 21 cm - PACOTE COM 10 UNIDADES - MARCA : COPOZAN;Prato Descartavel Tamanho 21 Cm - Pacote Com 10 Unidades - Marca : Copozan;R$1.40;0;216;Descartˇveis;100;39241000   SERVICOS DE MESA/OUTSARTIGOS MESA/COZINHA,DE PLAST
PRATO DESCARTAVEL TAMANHO 26 cm - PACOTE COM 10 UNIDADES - MARCA : COPOBRAS;Prato Descartavel Tamanho 26 Cm - Pacote Com 10 Unidades - Marca : Copobras;R$2.38;0;217;Descartˇveis;100;39241000   SERVICOS DE MESA/OUTSARTIGOS MESA/COZINHA,DE PLAST
PRESERVATIVO SEM LUBRIFICANTE - CAIXA COM 144 UNIDADES - REPILEX;Preservativo Sem Lubrificante - Caixa Com 144 Unidades - Repilex;R$43.84;0;135;Hospitalares;0;39241000   SERVICOS DE MESA/OUTSARTIGOS MESA/COZINHA,DE PLAST
PROPê DESCARTAVEL 20 G - PACOTE COM 100 UNIDADES;Prop? Descartavel 20 G - Pacote Com 100 Unidades;R$21.75;28;69;Descartˇveis;10;63079010   OUTROS ARTEFATOS CONFECCIONADOS,DE FALSO TECIDO
PROPê DESCARTAVEL 30 G - PACOTE COM 100 UNIDADES;Prop? Descartavel 30 G - Pacote Com 100 Unidades;R$11.07;0;440;Hospitalares;0;63079010   OUTROS ARTEFATOS CONFECCIONADOS,DE FALSO TECIDO
PROTETOR FACIAL ;Protetor Facial ;R$17.40;51;172;Outros;20;48119000   OUTROS PAPEIS/CARTOES/PASTA E MANTAS DE FIBRAS CEL
QUENTINHA 03 DIVISORIAS - MARCA : TAKENTE - EMBALAGEM COM 100 UNIDADES;Quentinha 03 Divisorias - Marca : Takente - Embalagem Com 100 Unidades;R$111.30;137;14;Descartˇveis;50;76071990   OUTRAS FOLHAS E TIRAS,DE ALUMINIO,S/SUPORTE,ESP<=0
QUENTINHA DE ISOPOR - MARCA : GIROCAMP - CAIXA COM 100 UNIDADES;Quentinha De Isopor - Marca : Girocamp - Caixa Com 100 Unidades;R$45.37;7;327;Descartˇveis;10;76071990   OUTRAS FOLHAS E TIRAS,DE ALUMINIO,S/SUPORTE,ESP<=0
QUENTINHA Nı 08 MANUAL - MARCA : TAKENTE - EMBALAGEM COM 100 UNIDADES;Quentinha Nı 08 Manual - Marca : Takente - Embalagem Com 100 Unidades;R$35.26;42;13;Descartˇveis;50;76071990   OUTRAS FOLHAS E TIRAS,DE ALUMINIO,S/SUPORTE,ESP<=0
QUENTINHA Nı 09 MANUAL - MARCA : TAKENTE - EMBALAGEM COM 100 UNIDADES;Quentinha Nı 09 Manual - Marca : Takente - Embalagem Com 100 Unidades;R$29.41;57;113;Descartˇveis;10;76071990   OUTRAS FOLHAS E TIRAS,DE ALUMINIO,S/SUPORTE,ESP<=0
REFIL MOP UMIDO PONTA DOBRADA - MARCA : BRALIMPIA;Refil Mop Umido Ponta Dobrada - Marca : Bralimpia;R$16.20;17;301;Materiais de Limpeza;5;85171100   APARSTELEFONPOR FIO COM 1 APARELHO TELEFPORTATS/FI
REMOVEDOR DE CIMENTO 1.000 ml - MARCA : BETLIMP;Removedor De Cimento 1.000 Ml - Marca : Betlimp;R$2.66;109;85;Materiais de Limpeza;20;34029039   OUTRAS PREPARACOES PARA LAVAGEM (DETERGENTES)
RODO DE 40 cm - GALVANIZADO;Rodo De 40 Cm - Galvanizado;R$22.40;4;28;Materiais de Limpeza;2;96039000   OUTRAS VASSOURAS,ESCOVAS,PINCEIS,ESPANADORES,RODOS
RODO DE PLASTICO DE 40 cm;Rodo De Plastico De 40 Cm;R$4.41;42;31;Materiais de Limpeza;2;96039000   OUTRAS VASSOURAS,ESCOVAS,PINCEIS,ESPANADORES,RODOS
RODO DE PLASTICO DE 60 cm ;Rodo De Plastico De 60 Cm ;R$6.87;30;234;Materiais de Limpeza;10;96039000   OUTRAS VASSOURAS,ESCOVAS,PINCEIS,ESPANADORES,RODOS
RODO DE PLASTICO REFOR?ADO DE 60 cm;Rodo De Plastico Refor?ado De 60 Cm;R$8.86;25;30;Materiais de Limpeza;2;96039000   OUTRAS VASSOURAS,ESCOVAS,PINCEIS,ESPANADORES,RODOS
RODO LIMPA VIDRO DE 25 cm;Rodo Limpa Vidro De 25 Cm;R$53.20;1;29;Materiais de Limpeza;2;96039000   OUTRAS VASSOURAS,ESCOVAS,PINCEIS,ESPANADORES,RODOS
RODO REFOR?ADO 65cm C / CABO DE ALUMINIO;Rodo Refor?ado 65Cm C / Cabo De Aluminio;R$39.90;1;27;Materiais de Limpeza;5;96039000   OUTRAS VASSOURAS,ESCOVAS,PINCEIS,ESPANADORES,RODOS
SABÄO DE COCO 200 g - MARCA : PIRAMBU;Sabío De Coco 200 G - Marca : Pirambu;R$0.88;96;1;Materiais de Limpeza;50;34012090   OUTROS SABOES
SABÄO EM BARRA 200 g - MARCA : ESPUMIL;Sabío Em Barra 200 G - Marca : Espumil;R$1.33;0;84;Materiais de Limpeza;50;34012090   OUTROS SABOES
SABÄO EM PASTA DE 500 g - MARCA : ASSOLAN;Sabío Em Pasta De 500 G - Marca : Assolan;R$4.35;17;550;Materiais de Limpeza;500;68053090   OUTROS ABRASIVOS NAT/ARTIFEM PO/GRAOS APLICOUTMATE
SABÄO EM PÖ DE 500 g - MARCA : ALA;Sabío Em PΩ De 500 G - Marca : Ala;R$3.37;27;19;Materiais de Limpeza;100;34012090   OUTROS SABOES
SABÄO EM PÖ DE 500 g - MARCA : DAKASA;Sabío Em PΩ De 500 G - Marca : Dakasa;R$1.91;0;453;Materiais de Limpeza;0;38084010   DESINFETANTES PARA USO DOMISSANITARIO DIRETO
SABÄO EM PÖ DE 500 g - MARCA : ESPUMIL;Sabío Em PΩ De 500 G - Marca : Espumil;R$1.66;244;160;Hospitalares;30;30059090   OUTSPASTAS,GAZES,SEMELHP/USO MEDICINAL,CIRURGICO,E
SABÄO EM PÖ DE 500 g - MARCA : STAR PLUS;Sabío Em PΩ De 500 G - Marca : Star Plus;R$1.40;148;468;Materiais de Limpeza;50;30059090   OUTSPASTAS,GAZES,SEMELHP/USO MEDICINAL,CIRURGICO,E
SABONETE 90 g - MARCA : MARAN;Sabonete 90 G - Marca : Maran;R$1.43;0;89;Materiais de Limpeza;20;34012090   OUTROS SABOES
SABONETE DESENGRAXANTE COM 5 LITROS - AUDAX;Sabonete Desengraxante Com 5 Litros - Audax;R$34.32;10;66;Materiais de Limpeza;50;30051090   OUTSPENSOS ADESIVOS,ARTIGOS ANALOGOS C/CAMADA ADES
SABONETE LIQUIDO 5 LITROS - TECNOLLAR;Sabonete Liquido 5 Litros - Tecnollar;R$11.89;18;256;Hospitalares;1000;90183929   OUTRAS SONDAS,CATETERES E CANULAS
SABONETE LIQUIDO COMUM- 5 LITROS;Sabonete Liquido Comum- 5 Litros;R$11.60;11;221;Materiais de Limpeza;0;34012090   OUTROS SABOES
SABONETE LôQUIDO DE 01 LITRO - MARCA : MMV;Sabonete L≠quido De 01 Litro - Marca : Mmv;R$5.69;240;15;Materiais de Limpeza;20;34012090   OUTROS SABOES
SABONETE LIQUIDO DE 05 LITROS - MARCA : AUDAX;Sabonete Liquido De 05 Litros - Marca : Audax;R$23.24;15;90;Materiais de Limpeza;20;34012090   OUTROS SABOES
SABONETE LIQUIDO DE 800 ml - MARCA : AUDAX;Sabonete Liquido De 800 Ml - Marca : Audax;R$9.77;319;104;Materiais de Limpeza;10;34012090   OUTROS SABOES
SABONETE LIQUIDO ERVA DOCE DE 800 ml - MARCA : BRASCOM;Sabonete Liquido Erva Doce De 800 Ml - Marca : Brascom;R$6.86;251;43;Materiais de Limpeza;5;34012090   OUTROS SABOES
SABONETE LIQUIDO PARA ASSêPSIA DE 05 LITROS - MARCA : AUDAX;Sabonete Liquido Para Ass?psia De 05 Litros - Marca : Audax;R$35.14;1;47;Materiais de Limpeza;10;34012090   OUTROS SABOES
SABONETE LIQUIDO PARA ASSEPSIA DE 800 ML - MARCA : AUDAX;Sabonete Liquido Para Assepsia De 800 Ml - Marca : Audax;R$9.77;60;410;Materiais de Limpeza;0;39232190   OUTROS SACOS,BOLSAS E CARTUCHOS,DE POLIMEROS DE ET
SABONETE LIQUIDO PEROLADO 5 LITROS - TECNOLLAR;Sabonete Liquido Perolado 5 Litros - Tecnollar;R$15.80;0;362;Hospitalares;1000;90183929   OUTRAS SONDAS,CATETERES E CANULAS
SABONETE LIQUIDO PEROLADO DE 05 LITROS - MARCA : KC;Sabonete Liquido Perolado De 05 Litros - Marca : Kc;R$17.40;38;222;Materiais de Limpeza;10;34012090   OUTROS SABOES
SABONETEIRA COM RESERVATORIO BRANCA - MARCA : NOBRE;Saboneteira Com Reservatorio Branca - Marca : Nobre;R$28.00;226;115;Recipientes/Plasticos;30;39229000   OUTSARTIGOS P/USOS SANITARIOS/HIGIENICOS,DE PLASTI
SABONETEIRA ESPUMA COM RESERVATORIO - MARCA : EXACCTA;Saboneteira Espuma Com Reservatorio - Marca : Exaccta;R$35.00;14;524;Recipientes/Plasticos;30;39229000   OUTSARTIGOS P/USOS SANITARIOS/HIGIENICOS,DE PLASTI
SABONETEIRA REFIL COM RESERVATORIO - MARCA : EXACCTA;Saboneteira Refil Com Reservatorio - Marca : Exaccta;R$31.08;57;525;Recipientes/Plasticos;30;39229000   OUTSARTIGOS P/USOS SANITARIOS/HIGIENICOS,DE PLASTI
SACO BOBINA DE 01 Kg - 20x30 cm - PESO 1,025 Kg - PLASMINHO;Saco Bobina De 01 Kg - 20X30 Cm - Peso 1,025 Kg - Plasminho;R$19.40;3;400;Descartˇveis;25;39232190   OUTROS SACOS,BOLSAS E CARTUCHOS,DE POLIMEROS DE ET
SACO BOBINA DE 02 Kg - 25x35 cm - PESO 1,525 Kg - PLASMINHO;Saco Bobina De 02 Kg - 25X35 Cm - Peso 1,525 Kg - Plasminho;R$28.86;0;336;Descartˇveis;25;39232190   OUTROS SACOS,BOLSAS E CARTUCHOS,DE POLIMEROS DE ET
SACO BOBINA DE 03 Kg - 30x40cm - PESO 1,870 Kg - PLASMINHO;Saco Bobina De 03 Kg - 30X40Cm - Peso 1,870 Kg - Plasminho;R$30.55;96;159;Descartˇveis;25;39232190   OUTROS SACOS,BOLSAS E CARTUCHOS,DE POLIMEROS DE ET
SACO BOBINA DE 05 Kg - 35x50cm - PESO 2,367 Kg - PLASMINHO;Saco Bobina De 05 Kg - 35X50Cm - Peso 2,367 Kg - Plasminho;R$44.79;0;158;Descartˇveis;25;39232190   OUTROS SACOS,BOLSAS E CARTUCHOS,DE POLIMEROS DE ET
SACO BOBINA DE 10 Kg - 40x60cm - PESO 2,700 Kg - PLASMINHO;Saco Bobina De 10 Kg - 40X60Cm - Peso 2,700 Kg - Plasminho;R$46.40;30;60;Descartˇveis;10;39232190   OUTROS SACOS,BOLSAS E CARTUCHOS,DE POLIMEROS DE ET
SACO BOBINA DE 15 Kg - 50x70 cm - PESO 3,367 Kg - PLASMINHO;Saco Bobina De 15 Kg - 50X70 Cm - Peso 3,367 Kg - Plasminho;R$68.75;42;265;Descartˇveis;5;39232190   OUTROS SACOS,BOLSAS E CARTUCHOS,DE POLIMEROS DE ET
SACO DE AMOSTRA TAMANHO 18 x 23 cm - MARCA : WYDA;Saco De Amostra Tamanho 18 X 23 Cm - Marca : Wyda;R$0.75;250;315;Descartˇveis;250;39232190   OUTROS SACOS,BOLSAS E CARTUCHOS,DE POLIMEROS DE ET
SACO DE AMOSTRA TAMANHO 28 x 31 cm - MARCA : WYDA;Saco De Amostra Tamanho 28 X 31 Cm - Marca : Wyda;R$1.39;200;260;Descartˇveis;50;39232190   OUTROS SACOS,BOLSAS E CARTUCHOS,DE POLIMEROS DE ET
SACO DE GELADÄO - PACOTE COM 100 UND;Saco De Geladío - Pacote Com 100 Und;R$0.58;431;390;Descartˇveis;1;39232190   OUTROS SACOS,BOLSAS E CARTUCHOS,DE POLIMEROS DE ET
SACO DE GELADINHO - PACOTE COM 100 UND;Saco De Geladinho - Pacote Com 100 Und;R$0.37;510;600;Descartˇveis;1;39232190   OUTROS SACOS,BOLSAS E CARTUCHOS,DE POLIMEROS DE ET
SACO DE HOT DOG - PACOTE COM 500 UNIDADES;Saco De Hot Dog - Pacote Com 500 Unidades;R$3.49;170;258;Materiais de Limpeza;2;39232190   OUTROS SACOS,BOLSAS E CARTUCHOS,DE POLIMEROS DE ET
SACO DE LIXO DE 100 LITROS - HOSPITALAR - PACOTE COM 100 UNIDADES;Saco De Lixo De 100 Litros - Hospitalar - Pacote Com 100 Unidades;R$27.88;250;184;Hospitalares;5;39232190   OUTROS SACOS,BOLSAS E CARTUCHOS,DE POLIMEROS DE ET
SACO DE LIXO DE 100 LITROS BRANCO - MARCA : ECOMAX - PACOTE COM 100 UNIDADES;Saco De Lixo De 100 Litros Branco - Marca : Ecomax - Pacote Com 100 Unidades;R$17.25;0;266;Descartˇveis;5;39232190   OUTROS SACOS,BOLSAS E CARTUCHOS,DE POLIMEROS DE ET
SACO DE LIXO DE 100 LITROS PRETO - MARCA : ECOMAX - PACOTE COM 100 UNIDADES;Saco De Lixo De 100 Litros Preto - Marca : Ecomax - Pacote Com 100 Unidades;R$15.51;0;70;Descartˇveis;100;39232190   OUTROS SACOS,BOLSAS E CARTUCHOS,DE POLIMEROS DE ET
SACO DE LIXO DE 100 LITROS PRETO - MARCA : RAVA - PACOTE COM 100 UNIDADES;Saco De Lixo De 100 Litros Preto - Marca : Rava - Pacote Com 100 Unidades;R$16.67;60;289;Descartˇveis;5;39232190   OUTROS SACOS,BOLSAS E CARTUCHOS,DE POLIMEROS DE ET
SACO DE LIXO DE 100 LITROS REFOR?ADO - MARCA : RAVA - PACOTE COM 100 UNIDADES;Saco De Lixo De 100 Litros Refor?ado - Marca : Rava - Pacote Com 100 Unidades;R$27.46;471;611;Descartˇveis;5;39232190   OUTROS SACOS,BOLSAS E CARTUCHOS,DE POLIMEROS DE ET
SACO DE LIXO DE 20 LITROS AZUL - MARCA : RAVA - PACOTE COM 100 UNIDADES;Saco De Lixo De 20 Litros Azul - Marca : Rava - Pacote Com 100 Unidades;R$5.62;20;269;Descartˇveis;5;39232190   OUTROS SACOS,BOLSAS E CARTUCHOS,DE POLIMEROS DE ET
SACO DE LIXO DE 20 LITROS BRANCO - MARCA : ECOMAX - PACOTE COM 100 UNIDADES;Saco De Lixo De 20 Litros Branco - Marca : Ecomax - Pacote Com 100 Unidades;R$5.72;124;313;Descartˇveis;50;39232190   OUTROS SACOS,BOLSAS E CARTUCHOS,DE POLIMEROS DE ET
SACO DE LIXO DE 20 LITROS PRETO - MARCA : RAVA - PACOTE COM 100 UNIDADES;Saco De Lixo De 20 Litros Preto - Marca : Rava - Pacote Com 100 Unidades;R$6.13;72;613;Descartˇveis;5;39232190   OUTROS SACOS,BOLSAS E CARTUCHOS,DE POLIMEROS DE ET
SACO DE LIXO DE 200 LITROS - ECOMAX - BRANCO  - PACOTE COM 100 UNIDADES;Saco De Lixo De 200 Litros - Ecomax - Branco  - Pacote Com 100 Unidades;R$23.63;0;267;Descartˇveis;5;39232190   OUTROS SACOS,BOLSAS E CARTUCHOS,DE POLIMEROS DE ET
SACO DE LIXO DE 200 LITROS - ECOMAX - PRETO - PACOTE COM 100 UNIDADES;Saco De Lixo De 200 Litros - Ecomax - Preto - Pacote Com 100 Unidades;R$23.63;0;71;Descartˇveis;100;39232190   OUTROS SACOS,BOLSAS E CARTUCHOS,DE POLIMEROS DE ET
SACO DE LIXO DE 200 LITROS - HOSPITALAR - PACOTE COM 100 UNIDADES;Saco De Lixo De 200 Litros - Hospitalar - Pacote Com 100 Unidades;R$38.71;28;185;Hospitalares;5;39232190   OUTROS SACOS,BOLSAS E CARTUCHOS,DE POLIMEROS DE ET
SACO DE LIXO DE 200 LITROS PRETO - MARCA : RAVA - PACOTE COM 100 UNIDADES;Saco De Lixo De 200 Litros Preto - Marca : Rava - Pacote Com 100 Unidades;R$31.03;141;363;Descartˇveis;5;39232190   OUTROS SACOS,BOLSAS E CARTUCHOS,DE POLIMEROS DE ET
SACO DE LIXO DE 200 LITROS REFOR?ADO - MARCA : DAKASA- PACOTE COM 100 UNIDADES;Saco De Lixo De 200 Litros Refor?ado - Marca : Dakasa- Pacote Com 100 Unidades;R$41.32;53;610;Descartˇveis;5;39232190   OUTROS SACOS,BOLSAS E CARTUCHOS,DE POLIMEROS DE ET
SACO DE LIXO DE 200 LITROS REFOR?ADO AZUL - MARCA : RAVA - PACOTE COM 100 UNIDADES;Saco De Lixo De 200 Litros Refor?ado Azul - Marca : Rava - Pacote Com 100 Unidades;R$32.74;0;35;Descartˇveis;10;39232190   OUTROS SACOS,BOLSAS E CARTUCHOS,DE POLIMEROS DE ET
SACO DE LIXO DE 240 LITROS PRETO - MARCA : PLASTFORT;Saco De Lixo De 240 Litros Preto - Marca : Plastfort;R$34.07;340;418;Descartˇveis;0;39232190   OUTROS SACOS,BOLSAS E CARTUCHOS,DE POLIMEROS DE ET
SACO DE LIXO DE 30 LITROS - HOSPITALAR - PACOTE COM 100 UNIDADES;Saco De Lixo De 30 Litros - Hospitalar - Pacote Com 100 Unidades;R$8.97;0;181;Hospitalares;5;39232190   OUTROS SACOS,BOLSAS E CARTUCHOS,DE POLIMEROS DE ET
SACO DE LIXO DE 300 LITROS REFOR?ADO - MARCA : DAKASA - PACOTE COM 100 UNIDADES;Saco De Lixo De 300 Litros Refor?ado - Marca : Dakasa - Pacote Com 100 Unidades;R$44.55;7;259;Descartˇveis;50;39232190   OUTROS SACOS,BOLSAS E CARTUCHOS,DE POLIMEROS DE ET
SACO DE LIXO DE 300 LITROS REFOR?ADO - MARCA : RAVA - PACOTE COM 100 UNIDADES;Saco De Lixo De 300 Litros Refor?ado - Marca : Rava - Pacote Com 100 Unidades;R$32.78;0;180;Descartˇveis;10;39232190   OUTROS SACOS,BOLSAS E CARTUCHOS,DE POLIMEROS DE ET
SACO DE LIXO DE 40 LITROS AZUL - MARCA : RAVA - PACOTE COM 100 UNIDADES;Saco De Lixo De 40 Litros Azul - Marca : Rava - Pacote Com 100 Unidades;R$7.46;0;268;Descartˇveis;5;39232190   OUTROS SACOS,BOLSAS E CARTUCHOS,DE POLIMEROS DE ET
SACO DE LIXO DE 40 LITROS BRANCO - MARCA : ECOMAX - PACOTE COM 100 UNIDADES;Saco De Lixo De 40 Litros Branco - Marca : Ecomax - Pacote Com 100 Unidades;R$6.69;39;264;Descartˇveis;5;39232190   OUTROS SACOS,BOLSAS E CARTUCHOS,DE POLIMEROS DE ET
SACO DE LIXO DE 40 LITROS PRETO - MARCA : RAVA - PACOTE COM 100 UNIDADES;Saco De Lixo De 40 Litros Preto - Marca : Rava - Pacote Com 100 Unidades;R$7.39;66;618;Descartˇveis;5;39232190   OUTROS SACOS,BOLSAS E CARTUCHOS,DE POLIMEROS DE ET
SACO DE LIXO DE 50 LITROS - HOSPITALAR - PACOTE COM 100 UNIDADES;Saco De Lixo De 50 Litros - Hospitalar - Pacote Com 100 Unidades;R$12.12;1;182;Hospitalares;5;39232190   OUTROS SACOS,BOLSAS E CARTUCHOS,DE POLIMEROS DE ET
SACO DE LIXO DE 50 LITROS REFOR?ADO - PACOTE COM 100 UNIDADES;Saco De Lixo De 50 Litros Refor?ado - Pacote Com 100 Unidades;R$12.97;6;340;Descartˇveis;10;39232190   OUTROS SACOS,BOLSAS E CARTUCHOS,DE POLIMEROS DE ET
SACO DE LIXO DE 500 LITROS REFOR?ADO COM 100 UNIDADES - MARCA : DAKASA;Saco De Lixo De 500 Litros Refor?ado Com 100 Unidades - Marca : Dakasa;R$79.75;0;622;Descartˇveis;0;90183220   AGULHAS PARA SUTURAS
SACO DE LIXO DE 60 LITROS BRANCO - MARCA : ECOMAX - PACOTE COM 100 UNIDADES;Saco De Lixo De 60 Litros Branco - Marca : Ecomax - Pacote Com 100 Unidades;R$9.71;0;450;Descartˇveis;5;39232190   OUTROS SACOS,BOLSAS E CARTUCHOS,DE POLIMEROS DE ET
SACO DE LIXO DE 60 LITROS BRANCO - MARCA : RAVA - PACOTE COM 100 UNIDADES;Saco De Lixo De 60 Litros Branco - Marca : Rava - Pacote Com 100 Unidades;R$10.09;0;614;Descartˇveis;5;39232190   OUTROS SACOS,BOLSAS E CARTUCHOS,DE POLIMEROS DE ET
SACO DE LIXO DE 60 LITROS HOSPITALAR - PACOTE COM 100 UNIDADES;Saco De Lixo De 60 Litros Hospitalar - Pacote Com 100 Unidades;R$11.70;10;54;Hospitalares;10;63079010   OUTROS ARTEFATOS CONFECCIONADOS,DE FALSO TECIDO
SACO DE LIXO DE 60 LITROS PRETO - MARCA : RAVA - PACOTE COM 100 UNIDADES;Saco De Lixo De 60 Litros Preto - Marca : Rava - Pacote Com 100 Unidades;R$9.13;169;364;Descartˇveis;5;39232190   OUTROS SACOS,BOLSAS E CARTUCHOS,DE POLIMEROS DE ET
SACO DE OBITO COM ZIPER 90 x 210 cm - UNIDADE;Saco De Obito Com Ziper 90 X 210 Cm - Unidade;R$16.41;422;406;Hospitalares;0;39232190   OUTROS SACOS,BOLSAS E CARTUCHOS,DE POLIMEROS DE ET
SACO TRANSPARENTE DE 03 Kg TAM. 22 x 40 cm - PACOTE COM 100 UNIDADES;Saco Transparente De 03 Kg Tam. 22 X 40 Cm - Pacote Com 100 Unidades;R$3.40;50;409;Descartˇveis;0;39232190   OUTROS SACOS,BOLSAS E CARTUCHOS,DE POLIMEROS DE ET
SACO TRANSPARENTE DE 05 Kg TAM. 30 x 40 cm - PACOTE COM 100 UNIDADES;Saco Transparente De 05 Kg Tam. 30 X 40 Cm - Pacote Com 100 Unidades;R$4.65;5;408;Descartˇveis;0;39232190   OUTROS SACOS,BOLSAS E CARTUCHOS,DE POLIMEROS DE ET
SACOLA PLASTICA - PACOTE COM 1.000 UNIDADES;Sacola Plastica - Pacote Com 1.000 Unidades;R$51.35;3;347;Descartˇveis;0;39232190   OUTROS SACOS,BOLSAS E CARTUCHOS,DE POLIMEROS DE ET
SACOLA PLASTICA TAMANHO 25x35cm - MILHEIRO;Sacola Plastica Tamanho 25X35Cm - Milheiro;R$30.45;8;372;Descartˇveis;0;48171000   ENVELOPES DE PAPEL OU CARTAO
SERINGA DE 05 ml SEM AGULHA - MARCA : SR;Seringa De 05 Ml Sem Agulha - Marca : Sr;R$0.18;0;99;Hospitalares;100;90183119   OUTRAS SERINGAS DE PLASTICO,MESMO C/AGULHAS
SODA CAUSTICA 300 G - MARCA : LUXUS;Soda Caustica 300 G - Marca : Luxus;R$3.82;0;326;Materiais de Limpeza;10;28151200   HIDROXIDO DE SODIO EM SOLAQUOSA (LIXIVSODA CAUSTIC
SULFATO DE ALUMINIO DE 02 Kg - MARCA : CLOR;Sulfato De Aluminio De 02 Kg - Marca : Clor;R$10.87;28;474;Materiais de Limpeza;0;28332200   SULFATO DE ALUMINIO
SUPORTE PARA FIBRA PESADA - MARCA : BETTANIN;Suporte Para Fibra Pesada - Marca : Bettanin;R$17.40;15;4;Materiais de Limpeza;100;74102110   FOLHA DE COBRE REFC/SUPORTP/CIRCUITIMPRESSE<=015MM
SUPORTE PARA GARRAFÄO DE 20 LITROS - MARCA : ARQPLAST;Suporte Para Garrafío De 20 Litros - Marca : Arqplast;R$18.58;16;197;Recipientes/Plasticos;10;39241000   SERVICOS DE MESA/OUTSARTIGOS MESA/COZINHA,DE PLAST
SUPORTE PARA MOP PÖ DE 60 cm - MARCA : BRALIMPIA;Suporte Para Mop PΩ De 60 Cm - Marca : Bralimpia;R$40.60;3;310;Outros;0;85171100   APARSTELEFONPOR FIO COM 1 APARELHO TELEFPORTATS/FI
SUPORTE PARA MOP UMIDO PONTA DOBRADA - MARCA : BRALIMPIA;Suporte Para Mop Umido Ponta Dobrada - Marca : Bralimpia;R$16.80;7;53;Outros;5;85171100   APARSTELEFONPOR FIO COM 1 APARELHO TELEFPORTATS/FI
SUPORTE PARA PAPEL HIGIENICO DE 30 ˙ 300 Metros - MARCA : TRILHA;Suporte Para Papel Higienico De 30 ˙ 300 Metros - Marca : Trilha;R$19.98;15;119;Recipientes/Plasticos;15;39229000   OUTSARTIGOS P/USOS SANITARIOS/HIGIENICOS,DE PLASTI
SUPORTE PARA PAPEL HIGIENICO DE 300 ˙ 600 Metros - MARCA : EXACTA;Suporte Para Papel Higienico De 300 ˙ 600 Metros - Marca : Exacta;R$26.34;15;535;Recipientes/Plasticos;0;39229000   OUTSARTIGOS P/USOS SANITARIOS/HIGIENICOS,DE PLASTI
SUPORTE PARA PAPEL HIGIENICO DE 300 ˙ 600 Metros - MARCA : TRILHA;Suporte Para Papel Higienico De 300 ˙ 600 Metros - Marca : Trilha;R$29.76;3;120;Recipientes/Plasticos;0;39229000   OUTSARTIGOS P/USOS SANITARIOS/HIGIENICOS,DE PLASTI
SUPORTE PARA TV ARTICULADA - MARCA : BEDIN;Suporte Para Tv Articulada - Marca : Bedin;R$131.95;2;510;Outros;0;85371011   SUPORTES C/APARSDE CNC,T<=1KV,C/PROCESS/BARRAM>=32
SUPORTE PARA TV FIXA - MARCA : BEDIN;Suporte Para Tv Fixa - Marca : Bedin;R$52.05;8;511;Outros;0;85371011   SUPORTES C/APARSDE CNC,T<=1KV,C/PROCESS/BARRAM>=32
TAMPA DESCARTAVEL DE 200 ML - MARCA : COPOZAN - PACOTE COM 100 UNIDADES;Tampa Descartavel De 200 Ml - Marca : Copozan - Pacote Com 100 Unidades;R$4.55;201;241;Descartˇveis;100;84145190   OUTROS VENTILADORES C/MOTOR ELETRICO,DE POTENCIA<=
TAMPA DESCARTAVEL DE 300 ml - MARCA : COPOZAN - PACOTE COM 100 UNIDADES;Tampa Descartavel De 300 Ml - Marca : Copozan - Pacote Com 100 Unidades;R$9.51;200;307;Descartˇveis;100;33051000   XAMPUS PARA OS CABELOS
TESOURA;Tesoura;R$5.30;16;16;Outros;20;82130000   TESOURAS E SUAS LAMINAS,DE METAIS COMUNS
TOUCA DESCARTAVEL - MARCA : JARC - PACOTE COM 100 UNIDADES;Touca Descartavel - Marca : Jarc - Pacote Com 100 Unidades;R$21.44;9;617;Hospitalares;10;65069900   CHAPEUS E OUTROS ARTEFSDE OUTROS MATERIAS,EXCDE MA
VASCULHADOR DE TETO;Vasculhador De Teto;R$16.90;5;291;Materiais de Limpeza;50;96039000   OUTRAS VASSOURAS,ESCOVAS,PINCEIS,ESPANADORES,RODOS
VASSOURA ARICASA;Vassoura Aricasa;R$50.38;14;33;Materiais de Limpeza;2;96039000   OUTRAS VASSOURAS,ESCOVAS,PINCEIS,ESPANADORES,RODOS
VASSOURA DE CHAPA - MARCA : SAN MARCUS;Vassoura De Chapa - Marca : San Marcus;R$5.59;5;187;Hospitalares;50;30059090   OUTSPASTAS,GAZES,SEMELHP/USO MEDICINAL,CIRURGICO,E
VASSOURA DE GARI ;Vassoura De Gari ;R$9.64;95;26;Materiais de Limpeza;2;96039000   OUTRAS VASSOURAS,ESCOVAS,PINCEIS,ESPANADORES,RODOS
VASSOURA DE PELO ANIMAL DE 30 cm - MARCA : DANY;Vassoura De Pelo Animal De 30 Cm - Marca : Dany;R$14.22;5;150;Materiais de Limpeza;50;30051090   OUTSPENSOS ADESIVOS,ARTIGOS ANALOGOS C/CAMADA ADES
VASSOURA DE PELO ANIMAL DE 60 cm;Vassoura De Pelo Animal De 60 Cm;R$29.03;0;5;Hospitalares;50;30059090   OUTSPASTAS,GAZES,SEMELHP/USO MEDICINAL,CIRURGICO,E
VASSOURA DE PELO PLUMADA;Vassoura De Pelo Plumada;R$7.61;57;318;Materiais de Limpeza;0;96039000   OUTRAS VASSOURAS,ESCOVAS,PINCEIS,ESPANADORES,RODOS
VASSOURA DE PELO RIGIDO DE 40 CM - MARCA : SAN MARCUS ;Vassoura De Pelo Rigido De 40 Cm - Marca : San Marcus ;R$21.15;2;404;Hospitalares;0;30059090   OUTSPASTAS,GAZES,SEMELHP/USO MEDICINAL,CIRURGICO,E
VASSOURA DE PELO RIGIDO DE 60 CM - MARCA : SAN MARCUS ;Vassoura De Pelo Rigido De 60 Cm - Marca : San Marcus ;R$28.21;0;136;Descartˇveis;0;39241000   SERVICOS DE MESA/OUTSARTIGOS MESA/COZINHA,DE PLAST
VASSOURA DE PELO SINTETICO DE 30 cm - MARCA : SAN MARCUS;Vassoura De Pelo Sintetico De 30 Cm - Marca : San Marcus;R$7.09;96;34;Materiais de Limpeza;2;96039000   OUTRAS VASSOURAS,ESCOVAS,PINCEIS,ESPANADORES,RODOS
VASSOURA DE PELO SINTETICO DE 40 cm - SAN MARCUS;Vassoura De Pelo Sintetico De 40 Cm - San Marcus;R$10.57;36;32;Materiais de Limpeza;2;96039000   OUTRAS VASSOURAS,ESCOVAS,PINCEIS,ESPANADORES,RODOS
VASSOURA DE PELO SINTETICO DE 60 cm - MARCA : SAN MARCUS;Vassoura De Pelo Sintetico De 60 Cm - Marca : San Marcus;R$16.64;13;298;Materiais de Limpeza;0;96039000   OUTRAS VASSOURAS,ESCOVAS,PINCEIS,ESPANADORES,RODOS
VASSOURA DE PIA?AVA DE 18 FUROS ;Vassoura De Pia?ava De 18 Furos ;R$6.25;30;24;Materiais de Limpeza;5;96039000   OUTRAS VASSOURAS,ESCOVAS,PINCEIS,ESPANADORES,RODOS
VASSOURA DE PIA?AVA REFOR?ADA DE 31 FUROS ;Vassoura De Pia?ava Refor?ada De 31 Furos ;R$7.49;204;25;Materiais de Limpeza;2;96039000   OUTRAS VASSOURAS,ESCOVAS,PINCEIS,ESPANADORES,RODOS
VASSOURA PARA VASO SANITARIO COM ESTOJO - MARCA : DALCIN;Vassoura Para Vaso Sanitario Com Estojo - Marca : Dalcin;R$6.42;43;312;Materiais de Limpeza;5;96039000   OUTRAS VASSOURAS,ESCOVAS,PINCEIS,ESPANADORES,RODOS
VASSOURINHA DE NYLON;Vassourinha De Nylon;R$1.16;24;365;Materiais de Limpeza;5;96039000   OUTRAS VASSOURAS,ESCOVAS,PINCEIS,ESPANADORES,RODOS
VASSOURINHA DE PIA?AVA;Vassourinha De Pia?ava;R$1.20;24;22;Materiais de Limpeza;5;96039000   OUTRAS VASSOURAS,ESCOVAS,PINCEIS,ESPANADORES,RODOS
VENTILADOR DE COLUNA 50 cm - MARCA : ARGE;Ventilador De Coluna 50 Cm - Marca : Arge;R$236.80;1;240;Outros;0;84145190   OUTROS VENTILADORES C/MOTOR ELETRICO,DE POTENCIA<=
