Descricao;,;Preco;,;Estoque Dispon°vel;,;Codigo;,;Estoque Min.;,;NCM
ABSORVENTE P‡S PARTO - PACOTE COM 20 UNIDADES;,;R$ 13.60;,;0;,;01;,;20;,;48184090   ABSORVENTES E OUTROS ARTIGOS HIGIENICOS,DE PAPEL
AÄUCAR CRISTALIZADO - EMBALAGEM COM 01 KG;,;R$ 3.27;,;78;,;02;,;50;,;17022000   ACUCAR E XAROPE,DE BORDO (ACER)
AGUA MINERAL DE 200 ml - MARCA : DIAS D' AVILA;,;R$ 0.56;,;0;,;464;,;0;,;22011000   AGUA MINERAL/GASEIFN/ADICIONACUCAR,N/AROMATIZADA,E
AGUA SANITARIA 1.000 ml - MARCA : LISA;,;R$ 1.69;,;912;,;238;,;10;,;33019030   AGUA DESTILADA AROMATE SOLAQUOSA DE OLEOS ESSENCIA
ALCOOL 70% EM  AEROSSOL - 400 ML;,;R$ 12.48;,;94;,;351;,;0;,;84716052   TECLADOS P/MAQUINAS AUTOMATPROCDADOS
ALCOOL ABSOLUTO 1.000 ml - MARCA : FLAMAGEL ;,;R$ 13.05;,;10;,;161;,;30;,;30059090   OUTSPASTAS,GAZES,SEMELHP/USO MEDICINAL,CIRURGICO,E
ALCOOL GEL 70% DE 05 LITROS - MARCA : BRASCOM;,;R$ 50.75;,;0;,;58;,;50;,;22071000   ALCOOL ETILICO N/DESNATURADO C/VOLTEOR ALCOOLICO>=
ALCOOL GEL 70% DE 05 LITROS - MARCA : FLAMAGEL;,;R$ 43.00;,;21;,;369;,;200;,;48184010   FRALDAS DE PAPEL
ALCOOL GEL 70% DE 500 g - MARCA : FLAMAGEL DERMASOFT;,;R$ 8.46;,;6;,;466;,;30;,;30059090   OUTSPASTAS,GAZES,SEMELHP/USO MEDICINAL,CIRURGICO,E
ALCOOL GEL 70% DE 500 ml - MARCA : SAFRA;,;R$ 7.01;,;661;,;59;,;50;,;22071000   ALCOOL ETILICO N/DESNATURADO C/VOLTEOR ALCOOLICO>=
ALCOOL GEL 70% DE 800 ml - MARCA : BRASCOM;,;R$ 12.32;,;38;,;72;,;20;,;22071000   ALCOOL ETILICO N/DESNATURADO C/VOLTEOR ALCOOLICO>=
ALCOOL LIQUIDO 46ß - MARCA : SAFRA;,;R$ 5.43;,;2;,;07;,;50;,;30059090   OUTSPASTAS,GAZES,SEMELHP/USO MEDICINAL,CIRURGICO,E
ALCOOL LIQUIDO 70% - MARCA : FLAMAGEL;,;R$ 6.50;,;90;,;57;,;10;,;22071000   ALCOOL ETILICO N/DESNATURADO C/VOLTEOR ALCOOLICO>=
ALCOOL LIQUIDO 70% DE 05 LITROS - MARCA : FLAMAGEL;,;R$ 30.00;,;26;,;469;,;50;,;30059090   OUTSPASTAS,GAZES,SEMELHP/USO MEDICINAL,CIRURGICO,E
ALCOOL L÷QUIDO 92,8 GL - MARCA : AUDAX E NOBRE;,;R$ 6.37;,;925;,;320;,;20;,;22071000   ALCOOL ETILICO N/DESNATURADO C/VOLTEOR ALCOOLICO>=
ALGICIDA DE CHOQUE DE 01 LITRO;,;R$ 11.20;,;52;,;349;,;0;,;48201000   LIVROS DE REGISTRO,DE CONTABILIDADE,BLOCOS DE NOTA
ALGOD«O HIDROFILO 100 g - MARCA : NATHALYA;,;R$ 3.27;,;27;,;210;,;150;,;30059090   OUTSPASTAS,GAZES,SEMELHP/USO MEDICINAL,CIRURGICO,E
ALGOD«O HIDROFILO 500 g - MARCA : NATHALYA;,;R$ 11.93;,;-2;,;354;,;150;,;30059090   OUTSPASTAS,GAZES,SEMELHP/USO MEDICINAL,CIRURGICO,E
AMACIANTE DE 05 LITROS - MARCA : KC;,;R$ 11.60;,;3;,;61;,;10;,;63079010   OUTROS ARTEFATOS CONFECCIONADOS,DE FALSO TECIDO
APARELHO DE BARBEAR - MARCA : BIC-UNIDADE;,;R$ 1.02;,;1305;,;491;,;20;,;82121020   APARELHOS DE BARBEAR,NAO ELETRICOS
AROAMTIZANTE DE 5 LITROS - TECNOLLAR;,;R$ 14.79;,;13;,;126;,;1000;,;39269040   ARTIGOS DE LABORATORIO OU DE FARMACIA,DE PLASTICOS
AROMATIZANTE DE 05 LITROS - MARCA : KC;,;R$ 11.60;,;0;,;0182;,;50;,;30051090   OUTSPENSOS ADESIVOS,ARTIGOS ANALOGOS C/CAMADA ADES
AROMATIZANTE DE AMBIENTES NATU CLEAN - 500 ML;,;R$ 35.67;,;0;,;82;,;500;,;48171000   ENVELOPES DE PAPEL OU CARTAO
AROMATIZANTE DE AR 360 ml - MARCA : AUDAX;,;R$ 7.42;,;593;,;86;,;20;,;33029090   OUTRAS MISTURAS UTILIZCOMO MATERIA BASICA P/INDUST
AROMATIZANTE DE AR 360 ml - MARCA : BOM AR;,;R$ 8.46;,;22;,;140;,;0;,;33029090   OUTRAS MISTURAS UTILIZCOMO MATERIA BASICA P/INDUST
AVENTAL MANGA LONGA GRAMATURA 60 - UNIDADE;,;R$ 15.95;,;171;,;40;,;0;,;39262000   VESTUARIO E SEUS ACESSORIOS,DE PLASTICOS,INCLLUVAS
AVENTAL MANGA LONGA MARCA : JARC - EMBALAGEM COM 10 UNIDADES;,;R$ 28.50;,;0;,;272;,;50;,;39262000   VESTUARIO E SEUS ACESSORIOS,DE PLASTICOS,INCLLUVAS
BALDE 12 LITROS PARA MOP - MARCA: CLEAN BRAZIL;,;R$ 30.00;,;4;,;232;,;2;,;39249000   OUTROS ARTIGOS DE HIGIENE OU DE TOUCADOR,DE PLASTI
BALDE 14 LITROS PARA MOP - MARCA: BETANIN;,;R$ 39.15;,;12;,;231;,;2;,;39249000   OUTROS ARTIGOS DE HIGIENE OU DE TOUCADOR,DE PLASTI
BALDE DE 08 LITROS COM ALÄA - MARCA : ARQPLAST;,;R$ 5.36;,;42;,;193;,;30;,;39249000   OUTROS ARTIGOS DE HIGIENE OU DE TOUCADOR,DE PLASTI
BALDE DE 12 LITROS - PEDREIRO;,;R$ 8.48;,;4;,;205;,;10;,;39249000   OUTROS ARTIGOS DE HIGIENE OU DE TOUCADOR,DE PLASTI
BALDE DE 15 LITROS COM ALÄA - MARCA : ARQPLAST;,;R$ 9.64;,;55;,;195;,;30;,;39249000   OUTROS ARTIGOS DE HIGIENE OU DE TOUCADOR,DE PLASTI
BALDE DE 20 LITROS COM ALÄA - MARCA : ARQPLAST;,;R$ 14.81;,;29;,;196;,;30;,;39249000   OUTROS ARTIGOS DE HIGIENE OU DE TOUCADOR,DE PLASTI
BALDE DE 60 LITROS COM TAMPA - MARCA : ARQPLAST;,;R$ 28.05;,;1;,;154;,;0;,;39249000   OUTROS ARTIGOS DE HIGIENE OU DE TOUCADOR,DE PLASTI
BALDE DE 90 LITROS COM TAMPA - MARCA : ARQPLAST;,;R$ 65.03;,;0;,;201;,;0;,;39249000   OUTROS ARTIGOS DE HIGIENE OU DE TOUCADOR,DE PLASTI
BALDE DE CLORO DE 10 Kg 65% DE CLORO ATIVO - MARCA : QCLOR;,;R$ 185.89;,;4;,;472;,;0;,;29336919   OUTSCOMPOSTHETEROCCICLO TRIAZINA,C/CLORO LIGCOVALE
BALDE DE CLORO VERMELHO - MARCA : QCLOR;,;R$ 209.23;,;0;,;194;,;30;,;39249000   OUTROS ARTIGOS DE HIGIENE OU DE TOUCADOR,DE PLASTI
BARRILHA DE 02 Kg - MARCA : CLOR;,;R$ 13.74;,;21;,;473;,;0;,;28362010   CARBONATO DISSODICO ANIDRO
BASE PARA DESINFENTANTE DE 200 ml;,;R$ 3.62;,;-16;,;233;,;10;,;38084010   DESINFETANTES PARA USO DOMISSANITARIO DIRETO
BLOCO SANITARIO DE 30 G - MARCA : Q-ODOR;,;R$ 4.13;,;34;,;522;,;100;,;34021190   OUTROS AGENTES ORGANICOS DE SUPERFICIE,ANIONICOS
BORRIFADOR DE 500 ml - MARCA : INTECH;,;R$ 7.50;,;100;,;55;,;20;,;65069900   CHAPEUS E OUTROS ARTEFSDE OUTROS MATERIAS,EXCDE MA
CABO DE ALUMINIO;,;R$ 15.05;,;0;,;48;,;0;,;39262000   VESTUARIO E SEUS ACESSORIOS,DE PLASTICOS,INCLLUVAS
CABO PLASTIFICADO;,;R$ 1.74;,;129;,;226;,;50;,;96031000   VASSOURAS E ESCOVAS,DE MATERIAS VEGETAIS EM FEIXES
CADEIRA PLASTICA SEM BRAÄO - MARCA : PLASTMASTER;,;R$ 26.10;,;5;,;112;,;50;,;94037000   MOVEIS DE PLASTICOS
CAFê ∑ VACUO 250 g - MARCA : MARATµ;,;R$ 5.19;,;211;,;73;,;100;,;09012100   CAFE TORRADO,NAO DESCAFEINADO
CAFETEIRA - MARCA : AMVOX;,;R$ 46.06;,;3;,;322;,;0;,;85167100   APARELHOS P/PREPARACAO DE CAFE OU DE CHA,ELETROTER
CAIXA DE PERFURO CORTANTE DE 07 LITROS - DESCARBOX;,;R$ 3.92;,;40;,;206;,;0;,;83059000   MOLAS P/PAPEIS,OUTSOBJSDE ESCRITORIO,DE METAIS COM
CAIXA DE PERFURO CORTANTE DE 13 LITROS - MARCA : DESCARBOX;,;R$ 5.11;,;230;,;38;,;30;,;39249000   OUTROS ARTIGOS DE HIGIENE OU DE TOUCADOR,DE PLASTI
CAIXA PLASTICA DE 10 L - MARCA : PLASVALE;,;R$ 31.82;,;23;,;422;,;20;,;39249000   OUTROS ARTIGOS DE HIGIENE OU DE TOUCADOR,DE PLASTI
CAIXA PLASTICA DE 8,2 L - MARCA : PLASVALE;,;R$ 23.21;,;3;,;204;,;20;,;39249000   OUTROS ARTIGOS DE HIGIENE OU DE TOUCADOR,DE PLASTI
CAMPO OPERATORIO 45 x 50 cm - PACOTE C/ 50 UND. - MARCA : KASMED;,;R$ 72.45;,;180;,;505;,;0;,;30059090   OUTSPASTAS,GAZES,SEMELHP/USO MEDICINAL,CIRURGICO,E
CARTUCHO COLORIDO 662 - MARCA : HP;,;R$ 46.40;,;27;,;518;,;0;,;84733027   CARTUCHOS DE TINTA,P/IMPRESSORAS
CARTUCHO PRETO 662 - MARCA : HP;,;R$ 43.20;,;18;,;517;,;0;,;84733027   CARTUCHOS DE TINTA,P/IMPRESSORAS
CERA L÷QUIDA DE 05 LITROS  ARDOSIA INCOLOR - MARCA : INGLEZA;,;R$ 47.05;,;0;,;149;,;2;,;34052000   ENCAUSTICAS/PREPARSP/CONSERVSDE MOVEIS,ETCDE MADEI
CERA LIQUIDA DE 05 LITROS  ARDOSIA VERDE - MARCA : INGLEZA;,;R$ 63.23;,;7;,;148;,;2;,;34052000   ENCAUSTICAS/PREPARSP/CONSERVSDE MOVEIS,ETCDE MADEI
CERA L÷QUIDA DE 05 LITROS - MARCA : BRY;,;R$ 49.41;,;0;,;151;,;2;,;34052000   ENCAUSTICAS/PREPARSP/CONSERVSDE MOVEIS,ETCDE MADEI
CERA L÷QUIDA DE 05 LITROS AUTO BRILHO - MARCA : BRASCOM;,;R$ 50.75;,;5;,;96;,;5;,;34052000   ENCAUSTICAS/PREPARSP/CONSERVSDE MOVEIS,ETCDE MADEI
CERA L÷QUIDA DE 750 ml - MARCA : INGLEZA ;,;R$ 5.08;,;101;,;08;,;10;,;34052000   ENCAUSTICAS/PREPARSP/CONSERVSDE MOVEIS,ETCDE MADEI
CERA LIQUIDA INGLEZA PRETA - 5 LITROS;,;R$ 69.54;,;4;,;246;,;500;,;48171000   ENVELOPES DE PAPEL OU CARTAO
CESTO DE 08 LITROS COM TAMPA - MARCA : ARQPLAST;,;R$ 4.46;,;0;,;199;,;30;,;39249000   OUTROS ARTIGOS DE HIGIENE OU DE TOUCADOR,DE PLASTI
CESTO DE 10 LITROS COM TAMPA PRETO - MARCA : TRILHA ;,;R$ 18.44;,;19;,;207;,;2;,;39249000   OUTROS ARTIGOS DE HIGIENE OU DE TOUCADOR,DE PLASTI
CESTO DE 21 LITROS COM TAMPA ;,;R$ 15.51;,;1;,;198;,;30;,;39249000   OUTROS ARTIGOS DE HIGIENE OU DE TOUCADOR,DE PLASTI
CLARIFICANTE DE 01 LITRO - MARCA : CLOR;,;R$ 12.36;,;24;,;475;,;0;,;28274921   HIDROXICLORETOS DE ALUMINIO
COLHER DESCARTAVEL - MARCA : APS - PACOTE COM 50 UNIDADES;,;R$ 2.37;,;2380;,;229;,;20;,;82159100   COLHER,GARFO,CONCHA,ETCDE METCOMUNS,PRATEAD/DOUR/P
COLHER DESCARTAVEL PARA SOBREMESA - MARCA : APS;,;R$ 1.76;,;185;,;361;,;0;,;82159100   COLHER,GARFO,CONCHA,ETCDE METCOMUNS,PRATEAD/DOUR/P
COMPRESSA DE GAZE 13 FIOS - MARCA : MB TEXTIL;,;R$ 12.34;,;0;,;274;,;50;,;30059090   OUTSPASTAS,GAZES,SEMELHP/USO MEDICINAL,CIRURGICO,E
COMPRESSA DE GAZE 13 FIOS - MARCA : MEDICAL TEXTIL- PCT C/300;,;R$ 12.41;,;24;,;41;,;200;,;30059090   OUTSPASTAS,GAZES,SEMELHP/USO MEDICINAL,CIRURGICO,E
COPO DESCARTAVEL DE 100 ml - MARCA : TOTALPLAST - PACOTE COM 100 UNIDADES;,;R$ 2.38;,;671;,;271;,;10;,;39241000   SERVICOS DE MESA/OUTSARTIGOS MESA/COZINHA,DE PLAST
COPO DESCARTAVEL DE 200 ml BRANCO - MARCA : COPOSCCHIO - PACOTE COM 100 UNIDADES;,;R$ 4.50;,;4559;,;12;,;30;,;39241000   SERVICOS DE MESA/OUTSARTIGOS MESA/COZINHA,DE PLAST
COPO DESCARTAVEL DE 200 ml TRANSPARENTE - MARCA : COPOSCCHIO - PACOTE COM 100 UNIDADES;,;R$ 3.53;,;17;,;370;,;500;,;39241000   SERVICOS DE MESA/OUTSARTIGOS MESA/COZINHA,DE PLAST
COPO DESCARTAVEL DE 200 ml TRANSPARENTE PP - MARCA : COPOBEL - PACOTE COM 100 UNIDADES;,;R$ 3.72;,;14655;,;325;,;50;,;39241000   SERVICOS DE MESA/OUTSARTIGOS MESA/COZINHA,DE PLAST
COPO DESCARTAVEL DE 250 ml BRANCO - MARCA : COPOSCCHIO - PACOTE COM 100 UNIDADES;,;R$ 5.23;,;82;,;157;,;500;,;39241000   SERVICOS DE MESA/OUTSARTIGOS MESA/COZINHA,DE PLAST
COPO DESCARTAVEL DE 250 ml TRANSPARENTE PP - MARCA : COPOZAN - PACOTE COM 100 UNIDADES;,;R$ 7.36;,;160;,;138;,;100;,;39241000   SERVICOS DE MESA/OUTSARTIGOS MESA/COZINHA,DE PLAST
COPO DESCARTAVEL DE 300 ml BRANCO PP - MARCA : COPOSCHIO - PACOTE COM 100 UNIDADES;,;R$ 7.64;,;0;,;132;,;100;,;39241000   SERVICOS DE MESA/OUTSARTIGOS MESA/COZINHA,DE PLAST
COPO DESCARTAVEL DE 300 ml TRANSPARENTE PP - MARCA : COPOZAN - PACOTE COM 100 UNIDADES;,;R$ 5.89;,;3040;,;230;,;2;,;39241000   SERVICOS DE MESA/OUTSARTIGOS MESA/COZINHA,DE PLAST
COPO DESCARTAVEL DE 50 ml - MARCA : COPOSCHIO - PACOTE COM 100 UNIDADES;,;R$ 1.59;,;117;,;139;,;100;,;39241000   SERVICOS DE MESA/OUTSARTIGOS MESA/COZINHA,DE PLAST
COPO DESCARTAVEL DE 80 ml BRANCO - MARCA : COPOSCCHIO - PACOTE COM 90 UNIDADES;,;R$ 2.40;,;153;,;137;,;0;,;39241000   SERVICOS DE MESA/OUTSARTIGOS MESA/COZINHA,DE PLAST
COTONETE - MARCA : PALINETES;,;R$ 1.16;,;806;,;295;,;0;,;84181000   REFRIGERADORES COMBINC/CONGELADORES,PORTA EXTSEPAR
CREME DENTAL DE 70 g - MARCA : SORRISO;,;R$ 1.58;,;6;,;346;,;0;,;42021210   MALAS,MALETAS E PASTAS,DE PLASTICO
DESENGORDURANTE COM 5 LITROS - AUDAX;,;R$ 71.20;,;1;,;134;,;0;,;39241000   SERVICOS DE MESA/OUTSARTIGOS MESA/COZINHA,DE PLAST
DESENTUPIDOR DE PIA;,;R$ 2.29;,;6;,;542;,;0;,;39229000   OUTSARTIGOS P/USOS SANITARIOS/HIGIENICOS,DE PLASTI
DESENTUPIDOR DE VASO SANITARIO;,;R$ 2.78;,;11;,;543;,;0;,;39229000   OUTSARTIGOS P/USOS SANITARIOS/HIGIENICOS,DE PLASTI
DESINFETANTE  DE 05 LITROS 1/200 LITROS - MARCA : AUDAX;,;R$ 36.39;,;20;,;102;,;10;,;38084010   DESINFETANTES PARA USO DOMISSANITARIO DIRETO
DESINFETANTE A BASE DE QUATERNARIO DE AMONIA;,;R$ 63.07;,;0;,;000615;,;0;,;
DESINFETANTE DE 05 LITROS 1/10 LITROS - MARCA : BRASCOM;,;R$ 50.75;,;4;,;101;,;10;,;34022000   PREPARACOES TENSOATIVAS,PARA LAVAGEM E LIMPEZA
DESINFETANTE DE 05 LITROS LAVANDA - MARCA : KC;,;R$ 8.70;,;172;,;103;,;5;,;38084010   DESINFETANTES PARA USO DOMISSANITARIO DIRETO
DESINFETANTE DE 750 ml - MARCA : UFE;,;R$ 13.18;,;72;,;358;,;5;,;38084010   DESINFETANTES PARA USO DOMISSANITARIO DIRETO
DESINFETANTE DE 90 ml - MARCA : ATOL;,;R$ 3.39;,;16;,;420;,;0;,;38084010   DESINFETANTES PARA USO DOMISSANITARIO DIRETO
DESINFETANTE DE USO GERAL - BRASCOM ;,;R$ 31.20;,;4;,;239;,;0;,;84145190   OUTROS VENTILADORES C/MOTOR ELETRICO,DE POTENCIA<=
DESINFETANTE LIQ. A BRASCIL PLUS DE 05 LITROS;,;R$ 288.55;,;0;,;461;,;0;,;90183119   OUTRAS SERINGAS DE PLASTICO,MESMO C/AGULHAS
DESINFETANTE LIQUIDO DE 02 LITROS - MARCA : ORIENTAL;,;R$ 6.38;,;28;,;471;,;0;,;38084010   DESINFETANTES PARA USO DOMISSANITARIO DIRETO
DESINFETANTE LIQUIDO DE 500 ml - MARCA : ORIENTAL;,;R$ 1.42;,;0;,;186;,;50;,;30059090   OUTSPASTAS,GAZES,SEMELHP/USO MEDICINAL,CIRURGICO,E
DESINFETANTE LIQUIDO DE 500 ml LAVANDA - MARCA : LISA;,;R$ 1.42;,;1215;,;17;,;30;,;38084010   DESINFETANTES PARA USO DOMISSANITARIO DIRETO
DESINFETANTE OXY DE 05 LITROS;,;R$ 330.00;,;0;,;98;,;1000;,;90183119   OUTRAS SERINGAS DE PLASTICO,MESMO C/AGULHAS
DESINGRAXANTE EMBALAGEM COM 05 LITROS;,;R$ 17.40;,;4;,;455;,;0;,;34029039   OUTRAS PREPARACOES PARA LAVAGEM (DETERGENTES)
DESODORANTE SPRAY 90 ml - MARCA: ALMA DE FLORES;,;R$ 2.78;,;8;,;245;,;0;,;33072090   OUTROS DESODORANTES CORPORAIS E ANTIPERSPIRANTES
DESODORIZADOR AMBIENTE DE 90 ml - MARCA : ATOL;,;R$ 2.68;,;14;,;80;,;5;,;33072010   DESODORANTES CORPORAIS E ANTIPERSPIRANTES,LIQUIDOS
DETERGENTE CLORADO 5 LITROS - TECNOLLAR;,;R$ 20.66;,;0;,;255;,;1000;,;90183929   OUTRAS SONDAS,CATETERES E CANULAS
DETERGENTE CLORADO DE  05 LITROS - MARCA : KC;,;R$ 29.00;,;18;,;350;,;10;,;34022000   PREPARACOES TENSOATIVAS,PARA LAVAGEM E LIMPEZA
DETERGENTE DE 05 LITROS - MARCA : KC;,;R$ 11.60;,;-4;,;170;,;10;,;34022000   PREPARACOES TENSOATIVAS,PARA LAVAGEM E LIMPEZA
DETERGENTE DE 500 ml - MARCA : ESPUMIL;,;R$ 1.16;,;592;,;293;,;200;,;34022000   PREPARACOES TENSOATIVAS,PARA LAVAGEM E LIMPEZA
DETERGENTE DE 500 ml - MARCA : LISA;,;R$ 1.30;,;597;,;76;,;20;,;34022000   PREPARACOES TENSOATIVAS,PARA LAVAGEM E LIMPEZA
DETERGENTE DE 500 ml - MARCA : YPE;,;R$ 2.45;,;37;,;20;,;200;,;34022000   PREPARACOES TENSOATIVAS,PARA LAVAGEM E LIMPEZA
DETERGENTE EM GEL 5 LITROS - TECNOLLAR;,;R$ 12.03;,;0;,;39;,;0;,;39249000   OUTROS ARTIGOS DE HIGIENE OU DE TOUCADOR,DE PLASTI
DETERGENTE GEL DE 05 LITROS - MARCA : KC;,;R$ 14.50;,;27;,;105;,;5;,;34012090   OUTROS SABOES
DETERGENTE LIQUIDO DE 05 LITROS - MARCA : BRASCOM;,;R$ 22.47;,;13;,;423;,;0;,;34012090   OUTROS SABOES
DETERGENTE NEUTRO 5 LITROS - TECNOLLAR;,;R$ 10.73;,;50;,;403;,;0;,;30059090   OUTSPASTAS,GAZES,SEMELHP/USO MEDICINAL,CIRURGICO,E
DETERGENTE PASTOSO DE 05 LITROS - MARCA : KC;,;R$ 16.80;,;10;,;478;,;100;,;34012090   OUTROS SABOES
DETERGENTE PASTOSO PARA ROUPAS 5 LITROS- TECNOLLAR;,;R$ 15.80;,;0;,;95;,;5;,;96082000   CANETAS E MARCADORES,C/PONTA DE FELTRO/PONTAS PORO
DISCO PARA LIMPEZA PRETO 410 mm - MARCA : 3M;,;R$ 27.30;,;20;,;188;,;0;,;22071000   ALCOOL ETILICO N/DESNATURADO C/VOLTEOR ALCOOLICO>=
DISCO PARA LIMPEZA VERDE410 MM - MARCA : 3M;,;R$ 28.27;,;15;,;243;,;0;,;73231000   PALHAS,ESPONJAS,ETCDE FERRO/ACO,P/LIMPEZA/POLIMENT
DISPENSER PARA COPO DE AGUA E CAFê - MARCA : TRILHA ;,;R$ 45.41;,;0;,;124;,;1;,;39229000   OUTSARTIGOS P/USOS SANITARIOS/HIGIENICOS,DE PLASTI
DVD USB E MP3 - MARCA : MONDIAL;,;R$ 151.71;,;4;,;512;,;0;,;85219090   OUTROS APARELHOS VIDEOFONICOS DE GRAVACAO/REPRODUC
ELEVADOR DE ALCALINIDADE - MARCA : QCLOR;,;R$ 9.04;,;20;,;262;,;10;,;28153000   PEROXIDOS DE SODIO OU DE POTASSIO
ENVELOPE GRAU CIRURGICO 15 x 100 M;,;R$ 64.09;,;0;,;371;,;0;,;48171000   ENVELOPES DE PAPEL OU CARTAO
EQUIPO BOMBA 0422;,;R$ 31.17;,;0;,;000616;,;0;,;
ESCOVA DE AÄO;,;R$ 11.68;,;6;,;516;,;0;,;82159100   COLHER,GARFO,CONCHA,ETCDE METCOMUNS,PRATEAD/DOUR/P
ESCOVA DE UNHA - MARCA : BELLANO;,;R$ 1.63;,;188;,;314;,;0;,;96032900   ESCOVAS E PINCEIS DE BARBA,ESCOVAS P/CABELOS,CILIO
ESCOVA HOSPITALAR COM PVPI ;,;R$ 1.81;,;0;,;68;,;10;,;96032100   ESCOVAS DE DENTES,INCLAS ESCOVAS P/DENTADURAS
ESCOVA PLASTICA ;,;R$ 2.17;,;197;,;235;,;5;,;96032900   ESCOVAS E PINCEIS DE BARBA,ESCOVAS P/CABELOS,CILIO
ESPANADOR NUMERO 25 - MARCA : DUSTER;,;R$ 12.97;,;0;,;64;,;50;,;48219000   OUTRAS ETIQUETAS DE PAPEL OU CARTAO
ESPANADOR NUMERO 40 - MARCA : DUSTER;,;R$ 24.17;,;6;,;330;,;5;,;90183929   OUTRAS SONDAS,CATETERES E CANULAS
ESPARADRAPO 10cm x 4,5m - MARCA : ADPELE;,;R$ 7.26;,;0;,;67;,;50;,;30051090   OUTSPENSOS ADESIVOS,ARTIGOS ANALOGOS C/CAMADA ADES
ESPONJA DUPLA FACE - MARCA : BRILHUS;,;R$ 0.55;,;1560;,;356;,;500;,;68053090   OUTROS ABRASIVOS NAT/ARTIFEM PO/GRAOS APLICOUTMATE
ESPONJA DUPLA FACE - MARCA : ESFREBOM;,;R$ 1.23;,;240;,;100;,;100;,;90183119   OUTRAS SERINGAS DE PLASTICO,MESMO C/AGULHAS
ESPONJA L« DE AÄO - MARCA : ASSOLAN - PACOTE COM 08 UNIDADES;,;R$ 1.00;,;378;,;227;,;20;,;73231000   PALHAS,ESPONJAS,ETCDE FERRO/ACO,P/LIMPEZA/POLIMENT
ESPONJA PRATEADA - MARCA : SCOTH BRITE;,;R$ 4.10;,;3;,;355;,;0;,;68053090   OUTROS ABRASIVOS NAT/ARTIFEM PO/GRAOS APLICOUTMATE
ESTOPA PARA POLIMENTO - MARCA : FLANELA & CIA;,;R$ 2.24;,;0;,;190;,;10;,;39241000   SERVICOS DE MESA/OUTSARTIGOS MESA/COZINHA,DE PLAST
FACA DESCARTAVEL - MARCA : RATIMBUM - PACOTE COM 50 UNIDADES;,;R$ 2.29;,;781;,;225;,;100;,;39241000   SERVICOS DE MESA/OUTSARTIGOS MESA/COZINHA,DE PLAST
FIBRA LIMPEZA PESADA TAMANHO 102 x 260 mm - MARCA : BETTANIN;,;R$ 1.95;,;442;,;463;,;0;,;85061030   BATERIAS DE PILHAS,ELETRICAS,DE BIOXIDO DE MANGANE
FIBRAÄO TAMANHO 87 x 125 cm - MARCA : BETTANIN;,;R$ 2.10;,;100;,;0181;,;50;,;30051090   OUTSPENSOS ADESIVOS,ARTIGOS ANALOGOS C/CAMADA ADES
FILME PVC EM ROLO;,;R$ 101.51;,;4;,;296;,;0;,;33029090   OUTRAS MISTURAS UTILIZCOMO MATERIA BASICA P/INDUST
FILTRO DE PAPEL N102 - MARCA : MELITTA;,;R$ 3.50;,;12;,;4;,;100;,;09012100   CAFE TORRADO,NAO DESCAFEINADO
FILTRO DE PAPEL N103 - MARCA : MELITTA;,;R$ 3.87;,;20;,;208;,;5;,;39241000   SERVICOS DE MESA/OUTSARTIGOS MESA/COZINHA,DE PLAST
FIO DE SUTURA CATEGUTE CROMADO 0 - MARCA : TECHNOFIO - CAIXA COM 24 UNIDADES;,;R$ 103.34;,;7;,;276;,;10;,;30061020   MATERIAIS PARA SUTURAS CIRURGICAS,DE ACO INOXIDAVE
FIO DE SUTURA CATEGUTE CROMADO 1 - 0 - MARCA : TECHNOFIO - CAIXA COM 24 UNIDADES ;,;R$ 97.26;,;0;,;286;,;10;,;30061020   MATERIAIS PARA SUTURAS CIRURGICAS,DE ACO INOXIDAVE
FIO DE SUTURA CATEGUTE CROMADO 2 - 0 - MARCA : TECHNOFIO - CAIXA COM 24 UNIDADES;,;R$ 93.91;,;0;,;275;,;10;,;30061020   MATERIAIS PARA SUTURAS CIRURGICAS,DE ACO INOXIDAVE
FIO DE SUTURA CATEGUTE CROMADO 3 - 0 - MARCA : TECHNOFIO - CAIXA COM 24 UNIDADES;,;R$ 82.07;,;0;,;287;,;10;,;30061020   MATERIAIS PARA SUTURAS CIRURGICAS,DE ACO INOXIDAVE
FIO DE SUTURA CATEGUTE CROMADO 4 - 0 - MARCA : TECHNOFIO - CAIXA COM 24 UNIDADES;,;R$ 82.07;,;0;,;283;,;10;,;30061020   MATERIAIS PARA SUTURAS CIRURGICAS,DE ACO INOXIDAVE
FIO DE SUTURA CATEGUTE SIMPLES 1 - 0 - MARCA : TECHNOFIO - CAIXA COM 24 UNIDADES;,;R$ 95.29;,;0;,;284;,;10;,;30061020   MATERIAIS PARA SUTURAS CIRURGICAS,DE ACO INOXIDAVE
FIO DE SUTURA CATEGUTE SIMPLES 2 - 0 - MARCA : TECHNOFIO - CAIXA COM 24 UNIDADES;,;R$ 95.29;,;0;,;277;,;10;,;30061020   MATERIAIS PARA SUTURAS CIRURGICAS,DE ACO INOXIDAVE
FIO DE SUTURA CATEGUTE SIMPLES 3-0 - MARCA : TECHNOFIO - CAIXA COM 24 UNIDADES;,;R$ 92.00;,;0;,;285;,;10;,;30061020   MATERIAIS PARA SUTURAS CIRURGICAS,DE ACO INOXIDAVE
FIO DE SUTURA CATEGUTE SIMPLES 4-0 - MARCA : TECHNOFIO - CAIXA COM 24 UNIDADES;,;R$ 92.00;,;0;,;279;,;10;,;30061020   MATERIAIS PARA SUTURAS CIRURGICAS,DE ACO INOXIDAVE
FIO DE SUTURA MONONYLON  1-0 - MARCA: SHALLON - CAIXA COM 24 UNIDADES;,;R$ 33.21;,;5;,;280;,;10;,;30061020   MATERIAIS PARA SUTURAS CIRURGICAS,DE ACO INOXIDAVE
FIO DE SUTURA MONONYLON 2-0 - MARCA : TECHNOFIO - CAIXA COM 24 UNIDADES;,;R$ 34.94;,;0;,;405;,;10;,;30061020   MATERIAIS PARA SUTURAS CIRURGICAS,DE ACO INOXIDAVE
FIO DE SUTURA MONONYLON 3-0 - MARCA : TECHNOFIO - CAIXA COM 24 UNIDADES;,;R$ 29.00;,;5;,;278;,;10;,;30061020   MATERIAIS PARA SUTURAS CIRURGICAS,DE ACO INOXIDAVE
FIO DE SUTURA MONONYLON 4-0 - MARCA : TECHNOFIO - CAIXA COM 24 UNIDADES;,;R$ 32.07;,;0;,;288;,;10;,;30061020   MATERIAIS PARA SUTURAS CIRURGICAS,DE ACO INOXIDAVE
FIO DE SUTURA MONONYLON 5-0 - MARCA : TECHNOFIO - CAIXA COM 24 UNIDADES;,;R$ 33.21;,;0;,;281;,;10;,;30061020   MATERIAIS PARA SUTURAS CIRURGICAS,DE ACO INOXIDAVE
FIO DE SUTURA VICRIL 1-0 - MARCA : TECHNOFIO - CAIXA COM 36 UNIDADES;,;R$ 312.33;,;0;,;282;,;10;,;30061020   MATERIAIS PARA SUTURAS CIRURGICAS,DE ACO INOXIDAVE
FITA ADESIVA MARROM TAM. 48 x 40 MT;,;R$ 3.19;,;291;,;454;,;0;,;59061000   FITAS ADESIVAS,TECIDAS COM BORRACHA,DE LARGURA<=20
FITA ADESIVA TRANSPARENTE TAM. 48 x 45 MT;,;R$ 3.19;,;92;,;348;,;0;,;59061000   FITAS ADESIVAS,TECIDAS COM BORRACHA,DE LARGURA<=20
FITA HOSPITALAR CREPE 19 mm x 50 m - MARCA : CIEX;,;R$ 3.08;,;0;,;65;,;50;,;30051090   OUTSPENSOS ADESIVOS,ARTIGOS ANALOGOS C/CAMADA ADES
FITA INDICADORA PARA AUTOCLAVE 19 x 30 - MARCA : CIEX;,;R$ 3.07;,;207;,;332;,;100;,;30051090   OUTSPENSOS ADESIVOS,ARTIGOS ANALOGOS C/CAMADA ADES
FLANELA AMARELA - 40 x 60 cm - MARCA : BRULIMP;,;R$ 1.81;,;205;,;000620;,;150;,;63071000   RODILHAS,ESFREGOES E OUTSARTEFATOS CONFECCDE LIMPE
FLANELA AMARELA - 50 X 80 cm - MARCA : BRULIMP;,;R$ 2.42;,;99;,;415;,;150;,;63071000   RODILHAS,ESFREGOES E OUTSARTEFATOS CONFECCDE LIMPE
FLANELA BRANCA - 30 x 50 cm - MARCA : DANTEX;,;R$ 1.01;,;0;,;202;,;100;,;63071000   RODILHAS,ESFREGOES E OUTSARTEFATOS CONFECCDE LIMPE
FLANELA BRANCA - 40 x 60 cm - MARCA : BRULIMP;,;R$ 1.81;,;541;,;179;,;40;,;63071000   RODILHAS,ESFREGOES E OUTSARTEFATOS CONFECCDE LIMPE
FLANELA VERMELHA - 40 x 60 cm - MARCA : FLANELA & CIA;,;R$ 1.20;,;7;,;237;,;100;,;63071000   RODILHAS,ESFREGOES E OUTSARTEFATOS CONFECCDE LIMPE
FOG«O 06 BOCAS - MARCA : CONSUL;,;R$ 943.80;,;0;,;299;,;0;,;85166000   OUTSFORNOS,FOGOES DE COZINHA,FOGAREIROS,ETCELETROT
FORMOL 37% - EMBALAGEM COM 1.000 ml;,;R$ 13.26;,;0;,;462;,;0;,;30049099   OUTROS MEDICAMCONTPRODSP/FINS TERAPEUTICOS,ETCDOSE
FOSFORO PACOTE COM 10 CAIXAS COM 40 PALITOS - MARCA : QUE LUZ;,;R$ 2.53;,;0;,;97;,;1;,;36050000   FOSFOROS,EXCETO OS ARTIGOS DE PIROTECNIA
FOSFORO PACOTE COM 10 CAIXAS COM 40 PALITOS - MARCA : QUE LUZ;,;R$ 2.45;,;332;,;270;,;1;,;36050000   FOSFOROS,EXCETO OS ARTIGOS DE PIROTECNIA
FRALDA GERIATRICA EXTRA GRANDE - MARCA : MASTER CARE - PACOTE COM 07 UNIDADES;,;R$ 12.28;,;250;,;130;,;150;,;48184010   FRALDAS DE PAPEL
FRALDA GERIATRICA GRANDE - MARCA : MASTER CARE - PACOTE COM 08 UNIDADES;,;R$ 12.28;,;76;,;129;,;150;,;48184010   FRALDAS DE PAPEL
FRALDA GERIATRICA MêDIA - MARCA : MASTER CARE - PACOTE COM 08 UNIDADES;,;R$ 12.28;,;640;,;128;,;100;,;48184010   FRALDAS DE PAPEL
FRALDA INFANTIL TAMANHO G - PACOTE COM 07 UNIDADES - MARCA : TRELOSO BABY;,;R$ 6.11;,;30;,;165;,;200;,;48184010   FRALDAS DE PAPEL
FRALDA INFANTIL TAMANHO M - PACOTE COM 08 UNIDADES;,;R$ 6.11;,;300;,;164;,;200;,;48184010   FRALDAS DE PAPEL
FRALDA INFANTIL TAMANHO P - PACOTE COM 09 UNIDADES - MARCA : TRELOSO BABY;,;R$ 5.33;,;100;,;163;,;200;,;48184010   FRALDAS DE PAPEL
FRALDA INFANTIL TAMANHO XG - PACOTE COM 07 UNIDADES - MARCA : TRELOSO BABY;,;R$ 6.11;,;60;,;166;,;200;,;48184010   FRALDAS DE PAPEL
GARFO DESCARTAVEL - MARCA : APS - PACOTE COM 50 UNIDADES;,;R$ 2.82;,;0;,;224;,;0;,;39241000   SERVICOS DE MESA/OUTSARTIGOS MESA/COZINHA,DE PLAST
GARFO PARA REFEIÄ«O - CAIXA COM 1.000 UNIDADES;,;R$ 66.45;,;0;,;000623;,;0;,;
GARRAFA PET COM VALVULA BICO DE PATO;,;R$ 6.58;,;21;,;411;,;500;,;68053090   OUTROS ABRASIVOS NAT/ARTIFEM PO/GRAOS APLICOUTMATE
GARRAFA TERMICA DE 01 LITRO - MARCA : ALADIN;,;R$ 29.27;,;10;,;331;,;5;,;96170010   GARRAFA TERMICA/OUTSRECIPISOTERMMONTADOS,ISOLVACUO
GELCO 18 G - MARCA : HEALCATH;,;R$ 0.81;,;0;,;302;,;5;,;90183929   OUTRAS SONDAS,CATETERES E CANULAS
GELCO 20 G - MARCA : HEALCATH;,;R$ 0.81;,;0;,;521;,;0;,;90183929   OUTRAS SONDAS,CATETERES E CANULAS
GRAMPEADOR - MARCA : MAPED;,;R$ 19.82;,;8;,;452;,;0;,;84729040   MAQUINAS DE APONTAR LAPIS,PERFURADORES,GRAMPEADORE
GUARDANAPO CAI CAI - 250 FOLHAS SIMPLES;,;R$ 3.48;,;0;,;000621;,;0;,;
GUARDANAPO TAMANHO 14 x 14 cm - PACOTE COM 200 UNIDADES - MARCA : GULA;,;R$ 1.50;,;1740;,;212;,;100;,;48183000   TOALHAS E GUARDANAPOS,DE PAPEL,DE MESA
GUARDANAPO TAMANHO 20 x 18 cm - PACOTE COM 40 UNIDADES - MARCA: MAXX;,;R$ 0.56;,;1022;,;213;,;200;,;48183000   TOALHAS E GUARDANAPOS,DE PAPEL,DE MESA
GUARDANAPO TAMANHO 22 x 20 cm  PACOTE COM 50 UNIDADES - MARCA : MAXX;,;R$ 0.76;,;1060;,;467;,;30;,;30059090   OUTSPASTAS,GAZES,SEMELHP/USO MEDICINAL,CIRURGICO,E
GUARDANAPO TAMANHO 29 x 30 cm - MARCA : PEROLA - PACOTE COM 48 UNIDADES;,;R$ 1.30;,;15;,;367;,;100;,;48184010   FRALDAS DE PAPEL
GUARDANAPO TAMANHO 30 x 30 cm - PACOTE COM 30 UNIDADES - MARCA : CONFORTO;,;R$ 1.50;,;37;,;211;,;30;,;48183000   TOALHAS E GUARDANAPOS,DE PAPEL,DE MESA
HAMBURGUERIA ISOBRAS TAMPA ARTICULADA - COM 100 UNIDADES;,;R$ 53.95;,;1;,;304;,;0;,;85044040   EQUIPAMENTO DE ALIMENTININTERRUPTA DE ENERGIA ELET
HIPOCLORITO 1 % DE 05 LITROS - MARCA : BRASCOM;,;R$ 11.60;,;48;,;357;,;10;,;28289011   HIPOCLORITOS DE SODIO
HIPOCLORITO 10%  5 LITROS - TECNOLLAR;,;R$ 15.95;,;0;,;470;,;0;,;34052000   ENCAUSTICAS/PREPARSP/CONSERVSDE MOVEIS,ETCDE MADEI
HIPOCLORITO 2 % DE 05 LITROS - MARCA : BRASCOM;,;R$ 13.05;,;26;,;106;,;10;,;28289011   HIPOCLORITOS DE SODIO
HIPOCLORITO LIQUIDO ∑ 10 % DE 05 LITROS - MARCA : KC;,;R$ 12.60;,;19;,;223;,;10;,;34022000   PREPARACOES TENSOATIVAS,PARA LAVAGEM E LIMPEZA
HIPOCLORITO LIQUIDO DE 10% DE 05 LITROS - MARCA : BRASCOM;,;R$ 27.55;,;13;,;147;,;5;,;34012090   OUTROS SABOES
IMPRESSORA HP 1102;,;R$ 644.11;,;5;,;324;,;5;,;"84716025   IMPRESSORAS C/VI<30PPM,A \""LASER\"",ETCMONOCROMLI<=42"
IMPRESSORA HP LASER M125A;,;R$ 940.38;,;0;,;306;,;0;,;"84716025   IMPRESSORAS C/VI<30PPM,A \""LASER\"",ETCMONOCROMLI<=42"
INSETICIDA 300 ml - MARCA : SBP;,;R$ 10.35;,;8;,;78;,;50;,;38081027   INSETICIDA A BASE DE OLEO MINERAL
INSETICIDA AEROSOL 300 ml;,;R$ 6.49;,;64;,;000619;,;5;,;"84716025   IMPRESSORAS C/VI<30PPM,A \""LASER\"",ETCMONOCROMLI<=42"
INSETICIDA AEROSOL DE 400 ml - MARCA : MAT INSET;,;R$ 8.46;,;96;,;519;,;0;,;22011000   AGUA MINERAL/GASEIFN/ADICIONACUCAR,N/AROMATIZADA,E
LEITE EM P‡ DESNATADO 200 g - MARCA CCGL;,;R$ 5.51;,;0;,;74;,;50;,;04022120   LEITE PARCDESNATEM PO,MATGORDA>15%,CONCENTRN/ADOC
LENÄOL HOSPITALAR 50 x 70 cm ;,;R$ 7.28;,;49;,;10;,;50;,;48189000   OUTSARTIGOS DE PAPEL,P/USO SANITARIO/DOMESTICO/HOS
LENÄOL HOSPITALAR 50X50 CM - BRANCO FARDO COM 10 ROLOS;,;R$ 55.10;,;0;,;168;,;5;,;63029300   ROUPAS DE TOUCADOR/COZINHA,DE FIBRAS SINTETICAS/AR
LIMPA ALUMINIO EMBALAGEM COM 500 ml - MARCA : HIPER BOM;,;R$ 1.69;,;12;,;530;,;0;,;34029039   OUTRAS PREPARACOES PARA LAVAGEM (DETERGENTES)
LIMPA BAU CONCENTRAÄ«O 1/10 DE 05 LITROS - MARCA : BRASCOM BAUCLIM;,;R$ 31.90;,;13;,;476;,;0;,;29336919   OUTSCOMPOSTHETEROCCICLO TRIAZINA,C/CLORO LIGCOVALE
LIMPA BAU CONCENTRAÄ«O 1/30 DE 05 LITROS - MARCA : BRASCOM SC 100;,;R$ 57.13;,;21;,;456;,;0;,;34029039   OUTRAS PREPARACOES PARA LAVAGEM (DETERGENTES)
LIMPA VIDRO 500 ml - MARCA : AUDAX;,;R$ 2.61;,;313;,;127;,;50;,;34021900   OUTROS AGENTES ORGANICOS DE SUPERFICIE
LIMPA VIDROS DE 05 LITROS - AUDAX;,;R$ 15.25;,;3;,;540;,;0;,;82122010   LAMINAS DE BARBEAR,DE SEGURANCA,DE METAIS COMUNS
LIMPADOR DE USO GERAL 5 LITROS - TECNOLLAR;,;R$ 7.25;,;0;,;352;,;0;,;96082000   CANETAS E MARCADORES,C/PONTA DE FELTRO/PONTAS PORO
LIMPADOR MULTIUSO 500 ml - MARCA : AUDAX;,;R$ 3.45;,;-9;,;109;,;50;,;34021900   OUTROS AGENTES ORGANICOS DE SUPERFICIE
LIMPADOR MULTIUSO DE 500 ml - MARCA : Q BOA;,;R$ 2.80;,;46;,;527;,;30;,;22071000   ALCOOL ETILICO N/DESNATURADO C/VOLTEOR ALCOOLICO>=
LIMPADOR MULTIUSO TECH - MARCA : UAU;,;R$ 4.06;,;3;,;242;,;0;,;34022000   PREPARACOES TENSOATIVAS,PARA LAVAGEM E LIMPEZA
LIMPEZA PESADA COM CLORO ATIVO - MARCA : UAU;,;R$ 5.56;,;15;,;79;,;50;,;34022000   PREPARACOES TENSOATIVAS,PARA LAVAGEM E LIMPEZA
LIXEIRA BASCULHANTE DE 30 LITROS - MARCA : PLASVALE;,;R$ 24.01;,;0;,;329;,;5;,;39249000   OUTROS ARTIGOS DE HIGIENE OU DE TOUCADOR,DE PLASTI
LIXEIRA COM PEDAL 12 LITROS ;,;R$ 31.90;,;2;,;328;,;5;,;39249000   OUTROS ARTIGOS DE HIGIENE OU DE TOUCADOR,DE PLASTI
LIXEIRA COM PEDAL 21 LITROS - MARCA : TRITEC;,;R$ 39.33;,;1;,;401;,;0;,;39249000   OUTROS ARTIGOS DE HIGIENE OU DE TOUCADOR,DE PLASTI
LIXEIRA COM PEDAL 25 LITROS - MARCA : MARFINIT;,;R$ 91.35;,;0;,;402;,;5;,;39249000   OUTROS ARTIGOS DE HIGIENE OU DE TOUCADOR,DE PLASTI
LIXEIRA TELADA DE 10 LITROS - MARCA : ARQPLAST;,;R$ 4.82;,;122;,;200;,;30;,;39249000   OUTROS ARTIGOS DE HIGIENE OU DE TOUCADOR,DE PLASTI
LUMINARIA DE EMERG“NCIA - MARCA : PRATIK;,;R$ 29.51;,;40;,;303;,;5;,;94051099   LUSTRES E APARSILUMINELETRDE OUTSMATERP/TETO/PARED
LUSTRA MOVEIS 200 ml - MARCA : AUDAX;,;R$ 1.88;,;97;,;88;,;20;,;34052000   ENCAUSTICAS/PREPARSP/CONSERVSDE MOVEIS,ETCDE MADEI
LUSTRA MOVEIS 500 ml - MARCA : AUDAX;,;R$ 4.19;,;0;,;317;,;20;,;34052000   ENCAUSTICAS/PREPARSP/CONSERVSDE MOVEIS,ETCDE MADEI
LUVA BICOLOR  GRANDE - MARCA VOLK;,;R$ 10.00;,;104;,;63;,;20;,;40151900   OUTRAS LUVAS DE BORRACHA VULCANIZADA,NAO ENDURECID
LUVA BICOLOR MêDIA - MARCA VOLK;,;R$ 10.00;,;81;,;62;,;20;,;40151900   OUTRAS LUVAS DE BORRACHA VULCANIZADA,NAO ENDURECID
LUVA CIRURGICA Nß 7,0 - PAR - MARCA : MAXITEX;,;R$ 1.50;,;0;,;52;,;10;,;40151900   OUTRAS LUVAS DE BORRACHA VULCANIZADA,NAO ENDURECID
LUVA CIRURGICA Nß 7,5 - PAR - MARCA : MAXITEX;,;R$ 1.50;,;1980;,;50;,;5;,;40151900   OUTRAS LUVAS DE BORRACHA VULCANIZADA,NAO ENDURECID
LUVA CIRURGICA Nß 8,0 - PAR - MARCA : MAXITEX;,;R$ 1.50;,;1900;,;51;,;5;,;40151900   OUTRAS LUVAS DE BORRACHA VULCANIZADA,NAO ENDURECID
LUVA CIRURGICA Nß 8,5 - PAR - MARCA : MAXITEX;,;R$ 1.50;,;1250;,;152;,;500;,;40151900   OUTRAS LUVAS DE BORRACHA VULCANIZADA,NAO ENDURECID
LUVA DE MALHA AZUL - MARCA : ;,;R$ 6.52;,;10;,;541;,;10;,;28153000   PEROXIDOS DE SODIO OU DE POTASSIO
LUVA DE MALHA PIGMENTADA - MARCA : ;,;R$ 4.06;,;6;,;460;,;0;,;90183119   OUTRAS SERINGAS DE PLASTICO,MESMO C/AGULHAS
LUVA DE MALHA PIGMENTADA PRETA;,;R$ 4.20;,;5;,;520;,;0;,;22011000   AGUA MINERAL/GASEIFN/ADICIONACUCAR,N/AROMATIZADA,E
LUVA DE PROCEDIMENTO GRANDE - MARCA : SUPERMAX OU MEDIX - CAIXA COM 100 UNIDADES;,;R$ 89.90;,;152;,;261;,;50;,;40151100   LUVAS P/CIRURGIA,DE BORRACHA VULCANIZADA,N/ENDUREC
LUVA DE PROCEDIMENTO MêDIA - MARCA : MEDIX OU SUPERMAX - CAIXA COM 100 UNIDADES;,;R$ 89.90;,;583;,;45;,;50;,;40151900   OUTRAS LUVAS DE BORRACHA VULCANIZADA,NAO ENDURECID
LUVA DE PROCEDIMENTO PEQUENA - MARCA : LEMGRUBER - CAIXA COM 100 UNIDADES;,;R$ 89.90;,;725;,;42;,;40;,;40151900   OUTRAS LUVAS DE BORRACHA VULCANIZADA,NAO ENDURECID
LUVA DE SILICONE - TAMANHO M;,;R$ 11.90;,;6;,;242 ;,;0;,;85094010   LIQUIDIFICADOR DE ALIMENTOS,C/MOTOR ELETRUSO DOMES
LUVA DE VINIL GRANDE COM P‡ - MARCA : VOLK - CX C/ 100 UND;,;R$ 11.76;,;0;,;49;,;5;,;40151900   OUTRAS LUVAS DE BORRACHA VULCANIZADA,NAO ENDURECID
LUVA DESCARTAVEL - PACOTE COM 100 UNIDADES;,;R$ 6.09;,;21;,;425;,;0;,;40151900   OUTRAS LUVAS DE BORRACHA VULCANIZADA,NAO ENDURECID
LUVA NITRILICA TAMANHO GRANDE - MARCA : VOLK - VERDE;,;R$ 8.22;,;240;,;429;,;0;,;40151900   OUTRAS LUVAS DE BORRACHA VULCANIZADA,NAO ENDURECID
LUVA NITRILICA TAMANHO MEDIO - MARCA : VOLK - VERDE;,;R$ 8.22;,;120;,;292;,;50;,;40151900   OUTRAS LUVAS DE BORRACHA VULCANIZADA,NAO ENDURECID
LUVA REFORÄADA PRETA TAMANHO GRANDE - MARCA : MUCAMBO;,;R$ 6.61;,;75;,;141;,;100;,;40151900   OUTRAS LUVAS DE BORRACHA VULCANIZADA,NAO ENDURECID
LUVA REFORÄADA PRETA TAMANHO MEDIO - MARCA : MUCAMBO;,;R$ 6.61;,;49;,;253;,;100;,;40151900   OUTRAS LUVAS DE BORRACHA VULCANIZADA,NAO ENDURECID
LUVA TAMANHO GRANDE - MARCA : MUCAMBO - AMARELA;,;R$ 4.81;,;0;,;252;,;100;,;40151900   OUTRAS LUVAS DE BORRACHA VULCANIZADA,NAO ENDURECID
LUVA TAMANHO GRANDE - MARCA : MUCAMBO - VERDE;,;R$ 5.22;,;26;,;254;,;100;,;40151900   OUTRAS LUVAS DE BORRACHA VULCANIZADA,NAO ENDURECID
LUVA TAMANHO GRANDE SLIM - MARCA : VOLK AMARELA;,;R$ 3.40;,;102;,;323;,;100;,;40151900   OUTRAS LUVAS DE BORRACHA VULCANIZADA,NAO ENDURECID
LUVA TAMANHO GRANDE VERNIZ - MARCA : VOLK ;,;R$ 5.61;,;96;,;144;,;100;,;40151900   OUTRAS LUVAS DE BORRACHA VULCANIZADA,NAO ENDURECID
LUVA TAMANHO MêDIA - MARCA : MUCAMBO - AMARELA;,;R$ 4.81;,;0;,;251;,;100;,;40151900   OUTRAS LUVAS DE BORRACHA VULCANIZADA,NAO ENDURECID
LUVA TAMANHO MêDIA - MARCA : MUCAMBO - AZUL;,;R$ 2.17;,;0;,;321;,;100;,;40151900   OUTRAS LUVAS DE BORRACHA VULCANIZADA,NAO ENDURECID
LUVA TAMANHO MEDIA - MARCA : MUCAMBO - VERDE;,;R$ 5.40;,;4;,;142;,;100;,;40151900   OUTRAS LUVAS DE BORRACHA VULCANIZADA,NAO ENDURECID
LUVA TAMANHO MêDIA SLM - MARCA : VOLK - AMARELA;,;R$ 3.40;,;-7;,;143;,;100;,;40151900   OUTRAS LUVAS DE BORRACHA VULCANIZADA,NAO ENDURECID
LUVA TAMANHO MEDIO VERNIZ - MARCA : VOLK ;,;R$ 5.61;,;32;,;146;,;100;,;40151900   OUTRAS LUVAS DE BORRACHA VULCANIZADA,NAO ENDURECID
LUVA TAMANHO PEQUENA - MARCA : VOLK - AMARELA;,;R$ 3.40;,;432;,;430;,;0;,;40151900   OUTRAS LUVAS DE BORRACHA VULCANIZADA,NAO ENDURECID
MANGUEIRA PARA JARDIM DE 10 METROS ;,;R$ 18.00;,;1;,;490;,;0;,;59090000   MANGUEIRAS E TUBOS SEMELHANTES,DE MATERIAS TEXTEIS
MANGUEIRA PARA JARDIM DE 15 METROS ;,;R$ 25.00;,;4;,;489;,;0;,;59090000   MANGUEIRAS E TUBOS SEMELHANTES,DE MATERIAS TEXTEIS
MANGUEIRA PARA JARDIM DE 20 METROS ;,;R$ 35.00;,;4;,;488;,;0;,;59090000   MANGUEIRAS E TUBOS SEMELHANTES,DE MATERIAS TEXTEIS
MASCARA DESC. COM ELASTICO - MARCA : DESCARBOX - CAIXA COM 50 UNIDADES;,;R$ 41.23;,;81;,;485;,;10;,;63079010   OUTROS ARTEFATOS CONFECCIONADOS,DE FALSO TECIDO
MASCARA N95 - MARCA : ECOMAX OU NUTRIEX- UNIDADE;,;R$ 10.15;,;1163;,;477;,;10;,;63079010   OUTROS ARTEFATOS CONFECCIONADOS,DE FALSO TECIDO
MESA PLASTICA;,;R$ 50.54;,;22;,;192;,;0;,;94037000   MOVEIS DE PLASTICOS
MONITOR DE 18 POLEGADAS - MARCA : AOC;,;R$ 426.15;,;4;,;513;,;0;,;85282190   OUTROS MONITORES DE VIDEO,A CORES
MOP ESFREG«O - MARCA : BETANIN;,;R$ 9.86;,;99;,;311;,;10;,;63071000   RODILHAS,ESFREGOES E OUTSARTEFATOS CONFECCDE LIMPE
MOP P‡ DE 60 cm - MARCA : BRALIMPIA;,;R$ 39.15;,;0;,;309;,;0;,;85171100   APARSTELEFONPOR FIO COM 1 APARELHO TELEFPORTATS/FI
MOUSE ∑ LASER - MARCA : MULTILASER;,;R$ 10.87;,;30;,;514;,;0;,;84716053   INDICADORES/APONTADORES,P/MAQUINAS AUTOMATPROCDADO
MULTKOM LIMPEZA PESADA - 5 LITROS;,;R$ 28.00;,;0;,;416;,;0;,;48171000   ENVELOPES DE PAPEL OU CARTAO
NAFTALINA EM BOLA DE 30 g - MARCA : ORIENTAL;,;R$ 1.37;,;200;,;465;,;30;,;30059090   OUTSPASTAS,GAZES,SEMELHP/USO MEDICINAL,CIRURGICO,E
NOBREAK 700 VA - MARCA : NEW STATION;,;R$ 449.69;,;3;,;305;,;0;,;85044040   EQUIPAMENTO DE ALIMENTININTERRUPTA DE ENERGIA ELET
OLEO DE PEROBA 100 ml ;,;R$ 7.71;,;12;,;83;,;5;,;33012200   OLEO ESSENCIAL,DE JASMIM
Pµ COLETORA - MARCA : BETTANIN;,;R$ 35.52;,;34;,;297;,;0;,;82011000   PAS DE METAIS COMUNS
Pµ DE LIXO DE PLASTICO - MARCA : URANUS;,;R$ 3.85;,;52;,;337;,;50;,;82011000   PAS DE METAIS COMUNS
Pµ DE LIXO DE ZINCO - MARCA : URANUS;,;R$ 3.65;,;788;,;153;,;50;,;82011000   PAS DE METAIS COMUNS
PALHA DE AÄO Nß 01 - MARCA : AÄO BOM;,;R$ 0.66;,;4880;,;319;,;10;,;73231000   PALHAS,ESPONJAS,ETCDE FERRO/ACO,P/LIMPEZA/POLIMENT
PALHA DE AÄO Nß 02 - MARCA : AÄO BOM;,;R$ 0.62;,;5320;,;341;,;10;,;73231000   PALHAS,ESPONJAS,ETCDE FERRO/ACO,P/LIMPEZA/POLIMENT
PALITO DE DENTE - MARCA : PALITEX - CAIXA COM 100 UNIDADES;,;R$ 0.29;,;1051;,;167;,;100;,;44219000   OUTRAS OBRAS DE MADEIRA
PANO DE CH«O AMARELO - MARCA : TECELAGEM S«O CRISTOV«O;,;R$ 1.68;,;0;,;203;,;50;,;63071000   RODILHAS,ESFREGOES E OUTSARTEFATOS CONFECCDE LIMPE
PANO DE CH«O BRANCO - TIPO P - TAM. 40 x 62 cm - MARCA : BRULIMP;,;R$ 2.39;,;22;,;177;,;100;,;63071000   RODILHAS,ESFREGOES E OUTSARTEFATOS CONFECCDE LIMPE
PANO DE CH«O BRANCO - TIPO P- TAM . 42 X 70 cm - ALLMETEX;,;R$ 2.16;,;350;,;173;,;100;,;63071000   RODILHAS,ESFREGOES E OUTSARTEFATOS CONFECCDE LIMPE
PANO DE CH«O BRANCO TIPO M TAMANHO 48 x 76 cm - MARCA : BRULIMP;,;R$ 5.00;,;234;,;300;,;0;,;85165000   FORNOS DE MICROONDAS
PANO DE PRATO COLORIDO - MARCA : DANTEX;,;R$ 1.45;,;98;,;209;,;50;,;63071000   RODILHAS,ESFREGOES E OUTSARTEFATOS CONFECCDE LIMPE
PANO DE PRATO TIPO A  - MARCA : BRULIMP ;,;R$ 2.05;,;121;,;273;,;20;,;65069900   CHAPEUS E OUTROS ARTEFSDE OUTROS MATERIAS,EXCDE MA
PANO PARA LIMPEZA PERFLEX ;,;R$ 7.42;,;0;,;526;,;30;,;34012090   OUTROS SABOES
PANO PARA LIMPEZA TAM. 30 x 300 M - MARCA : BETTANIN;,;R$ 139.20;,;10;,;176;,;100;,;56031290   FALSOS TECIDOS DE OUTROS FILAMSINT/ARTIF25<P<=70G/
PAPEL A4 - MARCA : COPYMAX;,;R$ 20.96;,;540;,;155;,;100;,;48053000   PAPEL SULFITO P/EMBALAGEM,N/REVESTIDO,EM ROLOS/FOL
PAPEL ALUMINIO 30 cm x 7,5 M - MARCA : WYDA;,;R$ 4.06;,;18;,;316;,;250;,;76071990   OUTRAS FOLHAS E TIRAS,DE ALUMINIO,S/SUPORTE,ESP<=0
PAPEL ALUMINIO 45 cm X 7,5;,;R$ 5.58;,;5;,;257;,;500;,;48171000   ENVELOPES DE PAPEL OU CARTAO
PAPEL HIGIENICO 100 % CELULOSE DE 300 Metros - ROLO - MARCA: SUPREMO;,;R$ 6.09;,;104;,;360;,;100;,;48181000   PAPEL HIGIENICO
PAPEL HIGIENICO FOLHA DUPLA - ROLO - VELUD;,;R$ 1.27;,;280;,;23;,;500;,;48181000   PAPEL HIGIENICO
PAPEL HIGIENICO FOLHA DUPLA ROLO - TWO;,;R$ 1.14;,;4132;,;353;,;0;,;83059000   MOLAS P/PAPEIS,OUTSOBJSDE ESCRITORIO,DE METAIS COM
PAPEL HIGIENICO FOLHA SIMPLES ROLO - CONFOFEX;,;R$ 0.62;,;5816;,;345;,;0;,;83059000   MOLAS P/PAPEIS,OUTSOBJSDE ESCRITORIO,DE METAIS COM
PAPEL HIGIENICO NEUTRO DE 300 Metros - ROLO - MARCA : SILVER;,;R$ 5.00;,;696;,;93;,;100;,;48181000   PAPEL HIGIENICO
PAPEL HIGIENICO SOFT - MARCA : FAMILIAR - ROLO;,;R$ 0.56;,;2316;,;0;,;500;,;48181000   PAPEL HIGIENICO
PAPEL HIGIENICO SUPREMO - MARCA : FAMILIAR - ROLO;,;R$ 0.78;,;3608;,;122;,;500;,;48181000   PAPEL HIGIENICO
PAPEL HIGIENICO SUPREMO 60 Metros - MARCA - FAMILIAR;,;R$ 1.37;,;5147;,;121;,;100;,;48181000   PAPEL HIGIENICO
PAPEL TOALHA 100% CELULOSE 23 x 21 cm 900 FOLHAS - MARCA : MULTIPELL;,;R$ 11.90;,;213;,;169;,;50;,;48183000   TOALHAS E GUARDANAPOS,DE PAPEL,DE MESA
PAPEL TOALHA 100% CELULOSE COM 700 FOLHAS - MARCA : ANGRA;,;R$ 8.55;,;0;,;0180;,;50;,;30051090   OUTSPENSOS ADESIVOS,ARTIGOS ANALOGOS C/CAMADA ADES
PAPEL TOALHA 23 x 21 cm - MARCA : MULTIPELL - 750 FOLHAS;,;R$ 8.12;,;396;,;94;,;30;,;48183000   TOALHAS E GUARDANAPOS,DE PAPEL,DE MESA
PAPEL TOALHA 23 x 21 cm 2.000 FOLHAS - BRANCO - MARCA : MAXX;,;R$ 28.26;,;564;,;09;,;50;,;48183000   TOALHAS E GUARDANAPOS,DE PAPEL,DE MESA
PAPEL TOALHA BOBINA PACOTE COM 02 ROLOS - MARCA : ABSOLUTO ;,;R$ 4.13;,;30;,;36;,;10;,;39232190   OUTROS SACOS,BOLSAS E CARTUCHOS,DE POLIMEROS DE ET
PAPEL TOALHA BRANCO 1000 FOLHAS  - MARCA : SF;,;R$ 10.00;,;146;,;125;,;50;,;48183000   TOALHAS E GUARDANAPOS,DE PAPEL,DE MESA
PAPEL TOALHA EM BOBINA 20 x 100 METROS - MARCA : MAXX;,;R$ 53.90;,;10;,;75;,;30;,;48183000   TOALHAS E GUARDANAPOS,DE PAPEL,DE MESA
PAPEL TOALHA EM BOBINA 20 x 200 METROS - MARCA: MAXX;,;R$ 78.68;,;15;,;451;,;5;,;48183000   TOALHAS E GUARDANAPOS,DE PAPEL,DE MESA
PASTA CRISTAL 500 g;,;R$ 4.64;,;72;,;44;,;15;,;34054000   PASTAS,POS E OUTRAS PREPARACOES PARA AREAR
PASTA LIMPA ∑ SECO 500 g;,;R$ 3.50;,;1;,;480;,;15;,;34029039   OUTRAS PREPARACOES PARA LAVAGEM (DETERGENTES)
PASTILHA SANITARIA - MARCA : PATO ;,;R$ 2.17;,;24;,;368;,;200;,;34029039   OUTRAS PREPARACOES PARA LAVAGEM (DETERGENTES)
PC LINUX 04 GB E 500 HD  - MARCA : SPACE;,;R$ 1.005.05;,;3;,;515;,;0;,;84715010   UNIDPROCDIGITPEQCAPBASE MICROPROCESSFOB<=US$12500
PEDRA SANITARIA DE 25 G - MARCA : 2 DE JULHO;,;R$ 1.30;,;216;,;191;,;100;,;34022000   PREPARACOES TENSOATIVAS,PARA LAVAGEM E LIMPEZA
PEDRA SANITARIA DE 25 g - MARCA : GLADE;,;R$ 2.53;,;28;,;92;,;10;,;34022000   PREPARACOES TENSOATIVAS,PARA LAVAGEM E LIMPEZA
PELICULA ESTICAVEL EM PVC - MARCA : GIROMIX;,;R$ 123.25;,;0;,;133;,;0;,;39241000   SERVICOS DE MESA/OUTSARTIGOS MESA/COZINHA,DE PLAST
PILHA 09 V - MARCA : RAYOVAC;,;R$ 5.78;,;0;,;308;,;0;,;85061030   BATERIAS DE PILHAS,ELETRICAS,DE BIOXIDO DE MANGANE
PILHA ALCALINA AA - MARCA : PANASONIC;,;R$ 2.90;,;198;,;531;,;0;,;85061030   BATERIAS DE PILHAS,ELETRICAS,DE BIOXIDO DE MANGANE
PILHA MOEDA;,;R$ 1.59;,;10;,;249;,;30;,;85061030   BATERIAS DE PILHAS,ELETRICAS,DE BIOXIDO DE MANGANE
PILHA RECARREGAVEL TIPO AAA - MARCA : RAYOVAC ;,;R$ 9.81;,;0;,;248;,;30;,;85061030   BATERIAS DE PILHAS,ELETRICAS,DE BIOXIDO DE MANGANE
PILHA TIPO AA - MARCA : PANASONIC;,;R$ 0.79;,;-80;,;218;,;30;,;85061030   BATERIAS DE PILHAS,ELETRICAS,DE BIOXIDO DE MANGANE
PILHA TIPO AAA - MARCA : PANASONIC;,;R$ 1.18;,;968;,;247;,;30;,;85061030   BATERIAS DE PILHAS,ELETRICAS,DE BIOXIDO DE MANGANE
PILHA TIPO GRANDE - MARCA : RAYOVAC AMARELA;,;R$ 2.81;,;24;,;220;,;30;,;85061030   BATERIAS DE PILHAS,ELETRICAS,DE BIOXIDO DE MANGANE
PILHA TIPO MEDIA - MARCA : RAYOVAC AMARELA;,;R$ 2.58;,;216;,;219;,;30;,;85061030   BATERIAS DE PILHAS,ELETRICAS,DE BIOXIDO DE MANGANE
PLACA DE SINALIZAÄ«O PISO MOLHADO - MARCA : BRALIMPIA;,;R$ 41.32;,;1;,;294;,;20;,;73231000   PALHAS,ESPONJAS,ETCDE FERRO/ACO,P/LIMPEZA/POLIMENT
PORTA COPO ACRILICO 200 ml - MARCA : TRILHA;,;R$ 14.94;,;0;,;417;,;0;,;39229000   OUTSARTIGOS P/USOS SANITARIOS/HIGIENICOS,DE PLASTI
PORTA COPO DE 50 ml - MARCA : TRILHA;,;R$ 11.22;,;0;,;342;,;0;,;39241000   SERVICOS DE MESA/OUTSARTIGOS MESA/COZINHA,DE PLAST
PORTA PAPEL TOALHA - MARCA : NOBRE;,;R$ 25.81;,;148;,;117;,;10;,;39229000   OUTSARTIGOS P/USOS SANITARIOS/HIGIENICOS,DE PLASTI
PORTA PAPEL TOALHA PLUS -  EXACCTA;,;R$ 26.58;,;59;,;523;,;30;,;39229000   OUTSARTIGOS P/USOS SANITARIOS/HIGIENICOS,DE PLASTI
PORTA PAPEL TOALHA PUXE E CORTA - MARCA : EXACTA;,;R$ 170.43;,;0;,;500;,;0;,;39229000   OUTSARTIGOS P/USOS SANITARIOS/HIGIENICOS,DE PLASTI
POTE DE 02 Kg COM TAMPA - MARCA : FIBRASA;,;R$ 1.20;,;0;,;344;,;0;,;39241000   SERVICOS DE MESA/OUTSARTIGOS MESA/COZINHA,DE PLAST
POTE DE 250 ML;,;R$ 0.43;,;300;,;343;,;0;,;39241000   SERVICOS DE MESA/OUTSARTIGOS MESA/COZINHA,DE PLAST
POUPA COPO DE 200 ml - MARCA : EXACTA;,;R$ 40.97;,;0;,;334;,;0;,;39229000   OUTSARTIGOS P/USOS SANITARIOS/HIGIENICOS,DE PLASTI
POUPA COPO DE 50 ml - MARCA : EXACTA;,;R$ 32.62;,;8;,;335;,;0;,;39229000   OUTSARTIGOS P/USOS SANITARIOS/HIGIENICOS,DE PLASTI
PRATO DESCARTAVEL TAMANHO 15 cm - PACOTE COM 10 UNIDADES - MARCA : COPOZAN;,;R$ 0.51;,;0;,;214;,;100;,;39241000   SERVICOS DE MESA/OUTSARTIGOS MESA/COZINHA,DE PLAST
PRATO DESCARTAVEL TAMANHO 17,5 cm - PACOTE COM 10 UNIDADES - MARCA : COPOBRAS;,;R$ 1.05;,;547;,;560;,;100;,;39241000   SERVICOS DE MESA/OUTSARTIGOS MESA/COZINHA,DE PLAST
PRATO DESCARTAVEL TAMANHO 18 cm - PACOTE COM 10 UNIDADES - MARCA : COPOZAN;,;R$ 1.05;,;147;,;215;,;100;,;39241000   SERVICOS DE MESA/OUTSARTIGOS MESA/COZINHA,DE PLAST
PRATO DESCARTAVEL TAMANHO 21 cm - PACOTE COM 10 UNIDADES - MARCA : COPOZAN;,;R$ 1.40;,;0;,;216;,;100;,;39241000   SERVICOS DE MESA/OUTSARTIGOS MESA/COZINHA,DE PLAST
PRATO DESCARTAVEL TAMANHO 26 cm - PACOTE COM 10 UNIDADES - MARCA : COPOBRAS;,;R$ 2.38;,;0;,;217;,;100;,;39241000   SERVICOS DE MESA/OUTSARTIGOS MESA/COZINHA,DE PLAST
PRESERVATIVO SEM LUBRIFICANTE - CAIXA COM 144 UNIDADES - REPILEX;,;R$ 43.84;,;0;,;135;,;0;,;39241000   SERVICOS DE MESA/OUTSARTIGOS MESA/COZINHA,DE PLAST
PROPê DESCARTAVEL 20 G - PACOTE COM 100 UNIDADES;,;R$ 21.75;,;28;,;69;,;10;,;63079010   OUTROS ARTEFATOS CONFECCIONADOS,DE FALSO TECIDO
PROPê DESCARTAVEL 30 G - PACOTE COM 100 UNIDADES;,;R$ 11.07;,;0;,;440;,;0;,;63079010   OUTROS ARTEFATOS CONFECCIONADOS,DE FALSO TECIDO
PROTETOR FACIAL ;,;R$ 17.40;,;51;,;172;,;20;,;48119000   OUTROS PAPEIS/CARTOES/PASTA E MANTAS DE FIBRAS CEL
QUENTINHA 03 DIVISORIAS - MARCA : TAKENTE - EMBALAGEM COM 100 UNIDADES;,;R$ 111.30;,;137;,;14;,;50;,;76071990   OUTRAS FOLHAS E TIRAS,DE ALUMINIO,S/SUPORTE,ESP<=0
QUENTINHA DE ISOPOR - MARCA : GIROCAMP - CAIXA COM 100 UNIDADES;,;R$ 45.37;,;7;,;327;,;10;,;76071990   OUTRAS FOLHAS E TIRAS,DE ALUMINIO,S/SUPORTE,ESP<=0
QUENTINHA Nß 08 MANUAL - MARCA : TAKENTE - EMBALAGEM COM 100 UNIDADES;,;R$ 35.26;,;42;,;13;,;50;,;76071990   OUTRAS FOLHAS E TIRAS,DE ALUMINIO,S/SUPORTE,ESP<=0
QUENTINHA Nß 09 MANUAL - MARCA : TAKENTE - EMBALAGEM COM 100 UNIDADES;,;R$ 29.41;,;57;,;113;,;10;,;76071990   OUTRAS FOLHAS E TIRAS,DE ALUMINIO,S/SUPORTE,ESP<=0
REFIL MOP UMIDO PONTA DOBRADA - MARCA : BRALIMPIA;,;R$ 16.20;,;17;,;301;,;5;,;85171100   APARSTELEFONPOR FIO COM 1 APARELHO TELEFPORTATS/FI
REMOVEDOR DE CIMENTO 1.000 ml - MARCA : BETLIMP;,;R$ 2.66;,;109;,;85;,;20;,;34029039   OUTRAS PREPARACOES PARA LAVAGEM (DETERGENTES)
RODO DE 40 cm - GALVANIZADO;,;R$ 22.40;,;4;,;28;,;2;,;96039000   OUTRAS VASSOURAS,ESCOVAS,PINCEIS,ESPANADORES,RODOS
RODO DE PLASTICO DE 40 cm;,;R$ 4.41;,;42;,;31;,;2;,;96039000   OUTRAS VASSOURAS,ESCOVAS,PINCEIS,ESPANADORES,RODOS
RODO DE PLASTICO DE 60 cm ;,;R$ 6.87;,;30;,;234;,;10;,;96039000   OUTRAS VASSOURAS,ESCOVAS,PINCEIS,ESPANADORES,RODOS
RODO DE PLASTICO REFORÄADO DE 60 cm;,;R$ 8.86;,;25;,;30;,;2;,;96039000   OUTRAS VASSOURAS,ESCOVAS,PINCEIS,ESPANADORES,RODOS
RODO LIMPA VIDRO DE 25 cm;,;R$ 53.20;,;1;,;29;,;2;,;96039000   OUTRAS VASSOURAS,ESCOVAS,PINCEIS,ESPANADORES,RODOS
RODO REFORÄADO 65cm C / CABO DE ALUMINIO;,;R$ 39.90;,;1;,;27;,;5;,;96039000   OUTRAS VASSOURAS,ESCOVAS,PINCEIS,ESPANADORES,RODOS
SAB«O DE COCO 200 g - MARCA : PIRAMBU;,;R$ 0.88;,;96;,;1;,;50;,;34012090   OUTROS SABOES
SAB«O EM BARRA 200 g - MARCA : ESPUMIL;,;R$ 1.33;,;0;,;84;,;50;,;34012090   OUTROS SABOES
SAB«O EM PASTA DE 500 g - MARCA : ASSOLAN;,;R$ 4.35;,;17;,;550;,;500;,;68053090   OUTROS ABRASIVOS NAT/ARTIFEM PO/GRAOS APLICOUTMATE
SAB«O EM P‡ DE 500 g - MARCA : ALA;,;R$ 3.37;,;27;,;19;,;100;,;34012090   OUTROS SABOES
SAB«O EM P‡ DE 500 g - MARCA : DAKASA;,;R$ 1.91;,;0;,;453;,;0;,;38084010   DESINFETANTES PARA USO DOMISSANITARIO DIRETO
SAB«O EM P‡ DE 500 g - MARCA : ESPUMIL;,;R$ 1.66;,;244;,;160;,;30;,;30059090   OUTSPASTAS,GAZES,SEMELHP/USO MEDICINAL,CIRURGICO,E
SAB«O EM P‡ DE 500 g - MARCA : STAR PLUS;,;R$ 1.40;,;148;,;468;,;50;,;30059090   OUTSPASTAS,GAZES,SEMELHP/USO MEDICINAL,CIRURGICO,E
SABONETE 90 g - MARCA : MARAN;,;R$ 1.43;,;0;,;89;,;20;,;34012090   OUTROS SABOES
SABONETE DESENGRAXANTE COM 5 LITROS - AUDAX;,;R$ 34.32;,;10;,;66;,;50;,;30051090   OUTSPENSOS ADESIVOS,ARTIGOS ANALOGOS C/CAMADA ADES
SABONETE LIQUIDO 5 LITROS - TECNOLLAR;,;R$ 11.89;,;18;,;256;,;1000;,;90183929   OUTRAS SONDAS,CATETERES E CANULAS
SABONETE LIQUIDO COMUM- 5 LITROS;,;R$ 11.60;,;11;,;221;,;0;,;34012090   OUTROS SABOES
SABONETE L÷QUIDO DE 01 LITRO - MARCA : MMV;,;R$ 5.69;,;240;,;15;,;20;,;34012090   OUTROS SABOES
SABONETE LIQUIDO DE 05 LITROS - MARCA : AUDAX;,;R$ 23.24;,;15;,;90;,;20;,;34012090   OUTROS SABOES
SABONETE LIQUIDO DE 800 ml - MARCA : AUDAX;,;R$ 9.77;,;319;,;104;,;10;,;34012090   OUTROS SABOES
SABONETE LIQUIDO ERVA DOCE DE 800 ml - MARCA : BRASCOM;,;R$ 6.86;,;251;,;43;,;5;,;34012090   OUTROS SABOES
SABONETE LIQUIDO PARA ASSêPSIA DE 05 LITROS - MARCA : AUDAX;,;R$ 35.14;,;1;,;47;,;10;,;34012090   OUTROS SABOES
SABONETE LIQUIDO PARA ASSEPSIA DE 800 ML - MARCA : AUDAX;,;R$ 9.77;,;60;,;410;,;0;,;39232190   OUTROS SACOS,BOLSAS E CARTUCHOS,DE POLIMEROS DE ET
SABONETE LIQUIDO PEROLADO 5 LITROS - TECNOLLAR;,;R$ 15.80;,;0;,;362;,;1000;,;90183929   OUTRAS SONDAS,CATETERES E CANULAS
SABONETE LIQUIDO PEROLADO DE 05 LITROS - MARCA : KC;,;R$ 17.40;,;38;,;222;,;10;,;34012090   OUTROS SABOES
SABONETEIRA COM RESERVATORIO BRANCA - MARCA : NOBRE;,;R$ 28.00;,;226;,;115;,;30;,;39229000   OUTSARTIGOS P/USOS SANITARIOS/HIGIENICOS,DE PLASTI
SABONETEIRA ESPUMA COM RESERVATORIO - MARCA : EXACCTA;,;R$ 35.00;,;14;,;524;,;30;,;39229000   OUTSARTIGOS P/USOS SANITARIOS/HIGIENICOS,DE PLASTI
SABONETEIRA REFIL COM RESERVATORIO - MARCA : EXACCTA;,;R$ 31.08;,;57;,;525;,;30;,;39229000   OUTSARTIGOS P/USOS SANITARIOS/HIGIENICOS,DE PLASTI
SACO BOBINA DE 01 Kg - 20x30 cm - PESO 1,025 Kg - PLASMINHO;,;R$ 19.40;,;3;,;400;,;25;,;39232190   OUTROS SACOS,BOLSAS E CARTUCHOS,DE POLIMEROS DE ET
SACO BOBINA DE 02 Kg - 25x35 cm - PESO 1,525 Kg - PLASMINHO;,;R$ 28.86;,;0;,;336;,;25;,;39232190   OUTROS SACOS,BOLSAS E CARTUCHOS,DE POLIMEROS DE ET
SACO BOBINA DE 03 Kg - 30x40cm - PESO 1,870 Kg - PLASMINHO;,;R$ 30.55;,;96;,;159;,;25;,;39232190   OUTROS SACOS,BOLSAS E CARTUCHOS,DE POLIMEROS DE ET
SACO BOBINA DE 05 Kg - 35x50cm - PESO 2,367 Kg - PLASMINHO;,;R$ 44.79;,;0;,;158;,;25;,;39232190   OUTROS SACOS,BOLSAS E CARTUCHOS,DE POLIMEROS DE ET
SACO BOBINA DE 10 Kg - 40x60cm - PESO 2,700 Kg - PLASMINHO;,;R$ 46.40;,;30;,;60;,;10;,;39232190   OUTROS SACOS,BOLSAS E CARTUCHOS,DE POLIMEROS DE ET
SACO BOBINA DE 15 Kg - 50x70 cm - PESO 3,367 Kg - PLASMINHO;,;R$ 68.75;,;42;,;265;,;5;,;39232190   OUTROS SACOS,BOLSAS E CARTUCHOS,DE POLIMEROS DE ET
SACO DE AMOSTRA TAMANHO 18 x 23 cm - MARCA : WYDA;,;R$ 0.75;,;250;,;315;,;250;,;39232190   OUTROS SACOS,BOLSAS E CARTUCHOS,DE POLIMEROS DE ET
SACO DE AMOSTRA TAMANHO 28 x 31 cm - MARCA : WYDA;,;R$ 1.39;,;200;,;260;,;50;,;39232190   OUTROS SACOS,BOLSAS E CARTUCHOS,DE POLIMEROS DE ET
SACO DE GELAD«O - PACOTE COM 100 UND;,;R$ 0.58;,;431;,;390;,;1;,;39232190   OUTROS SACOS,BOLSAS E CARTUCHOS,DE POLIMEROS DE ET
SACO DE GELADINHO - PACOTE COM 100 UND;,;R$ 0.37;,;510;,;600;,;1;,;39232190   OUTROS SACOS,BOLSAS E CARTUCHOS,DE POLIMEROS DE ET
SACO DE HOT DOG - PACOTE COM 500 UNIDADES;,;R$ 3.49;,;170;,;258;,;2;,;39232190   OUTROS SACOS,BOLSAS E CARTUCHOS,DE POLIMEROS DE ET
SACO DE LIXO DE 100 LITROS - HOSPITALAR - PACOTE COM 100 UNIDADES;,;R$ 27.88;,;250;,;184;,;5;,;39232190   OUTROS SACOS,BOLSAS E CARTUCHOS,DE POLIMEROS DE ET
SACO DE LIXO DE 100 LITROS BRANCO - MARCA : ECOMAX - PACOTE COM 100 UNIDADES;,;R$ 17.25;,;0;,;266;,;5;,;39232190   OUTROS SACOS,BOLSAS E CARTUCHOS,DE POLIMEROS DE ET
SACO DE LIXO DE 100 LITROS PRETO - MARCA : ECOMAX - PACOTE COM 100 UNIDADES;,;R$ 15.51;,;0;,;70;,;100;,;39232190   OUTROS SACOS,BOLSAS E CARTUCHOS,DE POLIMEROS DE ET
SACO DE LIXO DE 100 LITROS PRETO - MARCA : RAVA - PACOTE COM 100 UNIDADES;,;R$ 16.67;,;60;,;289;,;5;,;39232190   OUTROS SACOS,BOLSAS E CARTUCHOS,DE POLIMEROS DE ET
SACO DE LIXO DE 100 LITROS REFORÄADO - MARCA : RAVA - PACOTE COM 100 UNIDADES;,;R$ 27.46;,;471;,;611;,;5;,;39232190   OUTROS SACOS,BOLSAS E CARTUCHOS,DE POLIMEROS DE ET
SACO DE LIXO DE 20 LITROS AZUL - MARCA : RAVA - PACOTE COM 100 UNIDADES;,;R$ 5.62;,;20;,;269;,;5;,;39232190   OUTROS SACOS,BOLSAS E CARTUCHOS,DE POLIMEROS DE ET
SACO DE LIXO DE 20 LITROS BRANCO - MARCA : ECOMAX - PACOTE COM 100 UNIDADES;,;R$ 5.72;,;124;,;313;,;50;,;39232190   OUTROS SACOS,BOLSAS E CARTUCHOS,DE POLIMEROS DE ET
SACO DE LIXO DE 20 LITROS PRETO - MARCA : RAVA - PACOTE COM 100 UNIDADES;,;R$ 6.13;,;72;,;613;,;5;,;39232190   OUTROS SACOS,BOLSAS E CARTUCHOS,DE POLIMEROS DE ET
SACO DE LIXO DE 200 LITROS - ECOMAX - BRANCO  - PACOTE COM 100 UNIDADES;,;R$ 23.63;,;0;,;267;,;5;,;39232190   OUTROS SACOS,BOLSAS E CARTUCHOS,DE POLIMEROS DE ET
SACO DE LIXO DE 200 LITROS - ECOMAX - PRETO - PACOTE COM 100 UNIDADES;,;R$ 23.63;,;0;,;71;,;100;,;39232190   OUTROS SACOS,BOLSAS E CARTUCHOS,DE POLIMEROS DE ET
SACO DE LIXO DE 200 LITROS - HOSPITALAR - PACOTE COM 100 UNIDADES;,;R$ 38.71;,;28;,;185;,;5;,;39232190   OUTROS SACOS,BOLSAS E CARTUCHOS,DE POLIMEROS DE ET
SACO DE LIXO DE 200 LITROS PRETO - MARCA : RAVA - PACOTE COM 100 UNIDADES;,;R$ 31.03;,;141;,;363;,;5;,;39232190   OUTROS SACOS,BOLSAS E CARTUCHOS,DE POLIMEROS DE ET
SACO DE LIXO DE 200 LITROS REFORÄADO - MARCA : DAKASA- PACOTE COM 100 UNIDADES;,;R$ 41.32;,;53;,;610;,;5;,;39232190   OUTROS SACOS,BOLSAS E CARTUCHOS,DE POLIMEROS DE ET
SACO DE LIXO DE 200 LITROS REFORÄADO AZUL - MARCA : RAVA - PACOTE COM 100 UNIDADES;,;R$ 32.74;,;0;,;35;,;10;,;39232190   OUTROS SACOS,BOLSAS E CARTUCHOS,DE POLIMEROS DE ET
SACO DE LIXO DE 240 LITROS PRETO - MARCA : PLASTFORT;,;R$ 34.07;,;340;,;418;,;0;,;39232190   OUTROS SACOS,BOLSAS E CARTUCHOS,DE POLIMEROS DE ET
SACO DE LIXO DE 30 LITROS - HOSPITALAR - PACOTE COM 100 UNIDADES;,;R$ 8.97;,;0;,;181;,;5;,;39232190   OUTROS SACOS,BOLSAS E CARTUCHOS,DE POLIMEROS DE ET
SACO DE LIXO DE 300 LITROS REFORÄADO - MARCA : DAKASA - PACOTE COM 100 UNIDADES;,;R$ 44.55;,;7;,;259;,;50;,;39232190   OUTROS SACOS,BOLSAS E CARTUCHOS,DE POLIMEROS DE ET
SACO DE LIXO DE 300 LITROS REFORÄADO - MARCA : RAVA - PACOTE COM 100 UNIDADES;,;R$ 32.78;,;0;,;180;,;10;,;39232190   OUTROS SACOS,BOLSAS E CARTUCHOS,DE POLIMEROS DE ET
SACO DE LIXO DE 40 LITROS AZUL - MARCA : RAVA - PACOTE COM 100 UNIDADES;,;R$ 7.46;,;0;,;268;,;5;,;39232190   OUTROS SACOS,BOLSAS E CARTUCHOS,DE POLIMEROS DE ET
SACO DE LIXO DE 40 LITROS BRANCO - MARCA : ECOMAX - PACOTE COM 100 UNIDADES;,;R$ 6.69;,;39;,;264;,;5;,;39232190   OUTROS SACOS,BOLSAS E CARTUCHOS,DE POLIMEROS DE ET
SACO DE LIXO DE 40 LITROS PRETO - MARCA : RAVA - PACOTE COM 100 UNIDADES;,;R$ 7.39;,;66;,;000618;,;5;,;39232190   OUTROS SACOS,BOLSAS E CARTUCHOS,DE POLIMEROS DE ET
SACO DE LIXO DE 50 LITROS - HOSPITALAR - PACOTE COM 100 UNIDADES;,;R$ 12.12;,;1;,;182;,;5;,;39232190   OUTROS SACOS,BOLSAS E CARTUCHOS,DE POLIMEROS DE ET
SACO DE LIXO DE 50 LITROS REFORÄADO - PACOTE COM 100 UNIDADES;,;R$ 12.97;,;6;,;340;,;10;,;39232190   OUTROS SACOS,BOLSAS E CARTUCHOS,DE POLIMEROS DE ET
SACO DE LIXO DE 500 LITROS REFORÄADO COM 100 UNIDADES - MARCA : DAKASA;,;R$ 79.75;,;0;,;000622;,;0;,;90183220   AGULHAS PARA SUTURAS
SACO DE LIXO DE 60 LITROS BRANCO - MARCA : ECOMAX - PACOTE COM 100 UNIDADES;,;R$ 9.71;,;0;,;450;,;5;,;39232190   OUTROS SACOS,BOLSAS E CARTUCHOS,DE POLIMEROS DE ET
SACO DE LIXO DE 60 LITROS BRANCO - MARCA : RAVA - PACOTE COM 100 UNIDADES;,;R$ 10.09;,;0;,;614;,;5;,;39232190   OUTROS SACOS,BOLSAS E CARTUCHOS,DE POLIMEROS DE ET
SACO DE LIXO DE 60 LITROS HOSPITALAR - PACOTE COM 100 UNIDADES;,;R$ 11.70;,;10;,;54;,;10;,;63079010   OUTROS ARTEFATOS CONFECCIONADOS,DE FALSO TECIDO
SACO DE LIXO DE 60 LITROS PRETO - MARCA : RAVA - PACOTE COM 100 UNIDADES;,;R$ 9.13;,;169;,;364;,;5;,;39232190   OUTROS SACOS,BOLSAS E CARTUCHOS,DE POLIMEROS DE ET
SACO DE OBITO COM ZIPER 90 x 210 cm - UNIDADE;,;R$ 16.41;,;422;,;406;,;0;,;39232190   OUTROS SACOS,BOLSAS E CARTUCHOS,DE POLIMEROS DE ET
SACO TRANSPARENTE DE 03 Kg TAM. 22 x 40 cm - PACOTE COM 100 UNIDADES;,;R$ 3.40;,;50;,;409;,;0;,;39232190   OUTROS SACOS,BOLSAS E CARTUCHOS,DE POLIMEROS DE ET
SACO TRANSPARENTE DE 05 Kg TAM. 30 x 40 cm - PACOTE COM 100 UNIDADES;,;R$ 4.65;,;5;,;408;,;0;,;39232190   OUTROS SACOS,BOLSAS E CARTUCHOS,DE POLIMEROS DE ET
SACOLA PLASTICA - PACOTE COM 1.000 UNIDADES;,;R$ 51.35;,;3;,;347;,;0;,;39232190   OUTROS SACOS,BOLSAS E CARTUCHOS,DE POLIMEROS DE ET
SACOLA PLASTICA TAMANHO 25x35cm - MILHEIRO;,;R$ 30.45;,;8;,;372;,;0;,;48171000   ENVELOPES DE PAPEL OU CARTAO
SERINGA DE 05 ml SEM AGULHA - MARCA : SR;,;R$ 0.18;,;0;,;99;,;100;,;90183119   OUTRAS SERINGAS DE PLASTICO,MESMO C/AGULHAS
SODA CAUSTICA 300 G - MARCA : LUXUS;,;R$ 3.82;,;0;,;326;,;10;,;28151200   HIDROXIDO DE SODIO EM SOLAQUOSA (LIXIVSODA CAUSTIC
SULFATO DE ALUMINIO DE 02 Kg - MARCA : CLOR;,;R$ 10.87;,;28;,;474;,;0;,;28332200   SULFATO DE ALUMINIO
SUPORTE PARA FIBRA PESADA - MARCA : BETTANIN;,;R$ 17.40;,;15;,;04;,;100;,;74102110   FOLHA DE COBRE REFC/SUPORTP/CIRCUITIMPRESSE<=015MM
SUPORTE PARA GARRAF«O DE 20 LITROS - MARCA : ARQPLAST;,;R$ 18.58;,;16;,;197;,;10;,;39241000   SERVICOS DE MESA/OUTSARTIGOS MESA/COZINHA,DE PLAST
SUPORTE PARA MOP P‡ DE 60 cm - MARCA : BRALIMPIA;,;R$ 40.60;,;3;,;310;,;0;,;85171100   APARSTELEFONPOR FIO COM 1 APARELHO TELEFPORTATS/FI
SUPORTE PARA MOP UMIDO PONTA DOBRADA - MARCA : BRALIMPIA;,;R$ 16.80;,;7;,;53;,;5;,;85171100   APARSTELEFONPOR FIO COM 1 APARELHO TELEFPORTATS/FI
SUPORTE PARA PAPEL HIGIENICO DE 30 ∑ 300 Metros - MARCA : TRILHA;,;R$ 19.98;,;15;,;119;,;15;,;39229000   OUTSARTIGOS P/USOS SANITARIOS/HIGIENICOS,DE PLASTI
SUPORTE PARA PAPEL HIGIENICO DE 300 ∑ 600 Metros - MARCA : EXACTA;,;R$ 26.34;,;15;,;535;,;0;,;39229000   OUTSARTIGOS P/USOS SANITARIOS/HIGIENICOS,DE PLASTI
SUPORTE PARA PAPEL HIGIENICO DE 300 ∑ 600 Metros - MARCA : TRILHA;,;R$ 29.76;,;3;,;120;,;0;,;39229000   OUTSARTIGOS P/USOS SANITARIOS/HIGIENICOS,DE PLASTI
SUPORTE PARA TV ARTICULADA - MARCA : BEDIN;,;R$ 131.95;,;2;,;510;,;0;,;85371011   SUPORTES C/APARSDE CNC,T<=1KV,C/PROCESS/BARRAM>=32
SUPORTE PARA TV FIXA - MARCA : BEDIN;,;R$ 52.05;,;8;,;511;,;0;,;85371011   SUPORTES C/APARSDE CNC,T<=1KV,C/PROCESS/BARRAM>=32
TAMPA DESCARTAVEL DE 200 ML - MARCA : COPOZAN - PACOTE COM 100 UNIDADES;,;R$ 4.55;,;201;,;241;,;100;,;84145190   OUTROS VENTILADORES C/MOTOR ELETRICO,DE POTENCIA<=
TAMPA DESCARTAVEL DE 300 ml - MARCA : COPOZAN - PACOTE COM 100 UNIDADES;,;R$ 9.51;,;200;,;307;,;100;,;33051000   XAMPUS PARA OS CABELOS
TESOURA;,;R$ 5.30;,;16;,;16;,;20;,;82130000   TESOURAS E SUAS LAMINAS,DE METAIS COMUNS
TOUCA DESCARTAVEL - MARCA : JARC - PACOTE COM 100 UNIDADES;,;R$ 21.44;,;9;,;000617;,;10;,;65069900   CHAPEUS E OUTROS ARTEFSDE OUTROS MATERIAS,EXCDE MA
VASCULHADOR DE TETO;,;R$ 16.90;,;5;,;291;,;50;,;96039000   OUTRAS VASSOURAS,ESCOVAS,PINCEIS,ESPANADORES,RODOS
VASSOURA ARICASA;,;R$ 50.38;,;14;,;33;,;2;,;96039000   OUTRAS VASSOURAS,ESCOVAS,PINCEIS,ESPANADORES,RODOS
VASSOURA DE CHAPA - MARCA : SAN MARCUS;,;R$ 5.59;,;5;,;187;,;50;,;30059090   OUTSPASTAS,GAZES,SEMELHP/USO MEDICINAL,CIRURGICO,E
VASSOURA DE GARI ;,;R$ 9.64;,;95;,;26;,;2;,;96039000   OUTRAS VASSOURAS,ESCOVAS,PINCEIS,ESPANADORES,RODOS
VASSOURA DE PELO ANIMAL DE 30 cm - MARCA : DANY;,;R$ 14.22;,;5;,;150;,;50;,;30051090   OUTSPENSOS ADESIVOS,ARTIGOS ANALOGOS C/CAMADA ADES
VASSOURA DE PELO ANIMAL DE 60 cm;,;R$ 29.03;,;0;,;05;,;50;,;30059090   OUTSPASTAS,GAZES,SEMELHP/USO MEDICINAL,CIRURGICO,E
VASSOURA DE PELO PLUMADA;,;R$ 7.61;,;57;,;318;,;0;,;96039000   OUTRAS VASSOURAS,ESCOVAS,PINCEIS,ESPANADORES,RODOS
VASSOURA DE PELO RIGIDO DE 40 CM - MARCA : SAN MARCUS ;,;R$ 21.15;,;2;,;404;,;0;,;30059090   OUTSPASTAS,GAZES,SEMELHP/USO MEDICINAL,CIRURGICO,E
VASSOURA DE PELO RIGIDO DE 60 CM - MARCA : SAN MARCUS ;,;R$ 28.21;,;0;,;136;,;0;,;39241000   SERVICOS DE MESA/OUTSARTIGOS MESA/COZINHA,DE PLAST
VASSOURA DE PELO SINTETICO DE 30 cm - MARCA : SAN MARCUS;,;R$ 7.09;,;96;,;34;,;2;,;96039000   OUTRAS VASSOURAS,ESCOVAS,PINCEIS,ESPANADORES,RODOS
VASSOURA DE PELO SINTETICO DE 40 cm - SAN MARCUS;,;R$ 10.57;,;36;,;32;,;2;,;96039000   OUTRAS VASSOURAS,ESCOVAS,PINCEIS,ESPANADORES,RODOS
VASSOURA DE PELO SINTETICO DE 60 cm - MARCA : SAN MARCUS;,;R$ 16.64;,;13;,;298;,;0;,;96039000   OUTRAS VASSOURAS,ESCOVAS,PINCEIS,ESPANADORES,RODOS
VASSOURA DE PIAÄAVA DE 18 FUROS ;,;R$ 6.25;,;30;,;24;,;5;,;96039000   OUTRAS VASSOURAS,ESCOVAS,PINCEIS,ESPANADORES,RODOS
VASSOURA DE PIAÄAVA REFORÄADA DE 31 FUROS ;,;R$ 7.49;,;204;,;25;,;2;,;96039000   OUTRAS VASSOURAS,ESCOVAS,PINCEIS,ESPANADORES,RODOS
VASSOURA PARA VASO SANITARIO COM ESTOJO - MARCA : DALCIN;,;R$ 6.42;,;43;,;312;,;5;,;96039000   OUTRAS VASSOURAS,ESCOVAS,PINCEIS,ESPANADORES,RODOS
VASSOURINHA DE NYLON;,;R$ 1.16;,;24;,;365;,;5;,;96039000   OUTRAS VASSOURAS,ESCOVAS,PINCEIS,ESPANADORES,RODOS
VASSOURINHA DE PIAÄAVA;,;R$ 1.20;,;24;,;22;,;5;,;96039000   OUTRAS VASSOURAS,ESCOVAS,PINCEIS,ESPANADORES,RODOS
VENTILADOR DE COLUNA 50 cm - MARCA : ARGE;,;R$ 236.80;,;1;,;240;,;0;,;84145190   OUTROS VENTILADORES C/MOTOR ELETRICO,DE POTENCIA<=
